Accession	Sequence	A_Hi_GH	B_Hi_GH	C_Hi_GH	A_Lo_GH	B_Lo_GH	C_Lo_GH
NODE_37_length_172616_cov_483.367203_54	AAALQPGEVLLLENLR	28.2676064281679	27.0529466712872	25.3605818900246	24.68513646046	22.7669166629492	22.1484954064012
NODE_102_length_38513_cov_17.481356_19	AAAPALEGTVK	23.1356590687666	22.1173292560567	22.4632981221231	31.3350067323325	30.1894278039638	30.9988684694775
NODE_26_length_78125_cov_16.771538_10	AADITLWTYPIGK	21.2068292332204	23.0531744999569	21.5936845290113	29.262239003325	27.0198798052128	26.8906431704647
NODE_21_length_86002_cov_17.429323_33	AADTAGWDSVLKDAQDAGIR	23.6229466935409	21.4994462186773	22.6375335310953	27.5085441235307	26.6137204572804	27.9361823166108
NODE_33481_length_411_cov_1.227528_1	AAEVDILPR	26.6794929855626	27.09385918287	25.8899936839732	27.3000750308319	26.3593590895917	25.6052663162356
NODE_594986_length_242_cov_1.016043_1	AAEVDLIPR	26.6794929855626	27.09385918287	25.8899936839732	27.3000750308319	26.3593590895917	25.6052663162356
NODE_21_length_231770_cov_67.560775_179	AAFGNIGQVR	28.8505510326673	29.042547699959	27.1306519388346	27.2520532473419	27.8446374829717	25.3153765247834
NODE_26_length_78125_cov_16.771538_13	AAMPELFIK	22.5171242991778	22.2868717720363	22.8666550112419	28.77586633618	27.2854211280103	28.9797829539322
NODE_241_length_28746_cov_36.825590_3	AANFPVLNKGDVVMYGGGSYDYATTSK	25.5267738255731	26.4673727075945	25.466003749506	22.3522463349333	21.8884379726834	22.3002796459771
NODE_102_length_38513_cov_17.481356_19	AAPALEGTVK	22.5214452302286	23.1701794741054	22.9806172266845	31.3551572445128	29.0591760569316	30.8033198291785
NODE_52_length_58598_cov_16.124746_45	AASVDEINTFAK	21.1506329260419	24.3259523883054	22.1995261232584	32.8026267256145	30.7132561308314	31.1662962033498
NODE_98011_length_301_cov_1.784553_1	ADGYDQDVR	26.793523933469	26.8188501209942	26.8456546663369	30.3262456157722	28.3480705621916	28.0898752976382
NODE_31158_length_1444_cov_2.221022_1	ADIIDEYRNTGGFDILGSGR	28.0062452556187	28.000131904663	26.7831926966711	24.4420241909859	22.9634048353518	22.5769603310006
NODE_2054766_length_267_cov_1.811321_1	ADISLIGR	25.2978208330237	25.8681122884311	25.1491870546752	23.5440073239678	20.2799764190182	22.0258654254397
NODE_26_length_78125_cov_16.771538_10	ADITLWTYPIGK	23.8543208775649	22.8730725380394	22.1846432058895	31.6898126080207	30.02672995862	29.9179463196486
NODE_1017061_length_481_cov_1.500000_1	ADLSLIGR	25.2978208330237	25.8681122884311	25.1491870546752	23.1950065104271	21.2349024502892	21.9446852442163
NODE_59_length_124764_cov_27.570993_16	ADNITDEEAIR	26.4171886016427	26.9819614293041	28.1612526172633	23.1355379632501	22.2198131453741	23.0766746834351
NODE_378946_length_603_cov_1.839416_1	ADNKTDFSVQLQK	22.613427407954	23.9536921276364	21.5017312059822	28.4608429369333	26.7729630857354	27.8986218673382
NODE_241_length_28746_cov_36.825590_3	ADPATYGEDFDVR	29.590520850021	30.492856514489	30.0581439939056	22.4690026545547	22.0919615461748	21.7436713478189
NODE_146_length_55824_cov_14.301117_41	ADPFPTDESQDLAYSTTQDLLK	26.823929235174	27.7425899720466	24.893052992172	23.4539672619212	23.6558340450995	21.9156252739049
NODE_2876648_length_211_cov_2.448718_1	ADQVQMLDNAIEK	26.4892390392023	28.8752555209213	25.953869794891	23.002663554614	22.9733544897346	22.4873517048042
NODE_21_length_86002_cov_17.429323_33	ADTAGWDSVLKDAQDAGIR	24.1193529572233	24.2631293074778	22.0494430472966	27.558956535415	24.9655641300721	27.1706954308423
NODE_276952_length_424_cov_1.560976_1	ADVSFTIHPSK	21.6941714981509	23.8611803332764	21.7959611873516	29.8581759035391	29.1930758785262	29.3148840592516
NODE_96_length_40397_cov_17.936493_23	AEEAPTDDEAPPKEGMVR	22.9748991922686	23.6808561514087	22.8299580061338	26.7093827691994	25.6439029682974	27.5324478421522
NODE_634882_length_244_cov_10.111111_1	AEEIDEEERFPMET	27.0990870730594	26.2780468441114	24.4811761377517	25.3842957750497	25.705222108183	21.7774380051001
NODE_2904353_length_234_cov_1.072626_1	AENEEIAAR	22.5862953936005	23.9007604717341	23.2849247227037	26.7328565861031	22.9501315326712	25.6848254392442
NODE_35_length_67532_cov_15.706908_44	AENRDILVR	21.1146443088799	23.2462584226191	21.8032727315061	30.3107936689839	30.3330881128597	29.9833213078484
NODE_72585_length_581_cov_2.547529_1	AFDAIPGVEVR	21.7062651569295	21.7113250694902	24.4246920091911	24.1981302569068	27.1642293261144	27.0287579565593
NODE_102_length_38513_cov_17.481356_19	AFEGGYGADM+15995WTEVAK	22.8378106324646	23.3656791796154	21.7306025524213	24.5194135785785	24.7621788436821	25.8865790745395
NODE_102_length_38513_cov_17.481356_19	AFEGGYGADMWTEVAK	22.3566351071217	22.8754325378276	26.3571117961088	29.4983266535734	28.1625976979796	27.5767514283622
NODE_52_length_58598_cov_16.124746_45	AFTYSDNFK	23.1009891165491	22.8228015908348	21.8350451008919	29.5105261459846	27.4352353239002	27.0428085898566
NODE_78256_length_543_cov_2.163934_1	AGGDYAGPTVLKENWER	23.7099780235793	24.1925965172128	24.8606790177365	27.8242024527486	25.0496375340213	28.6204482807974
NODE_366327_length_389_cov_1.038922_2	AGLGTVR	22.3061968603384	22.5433556104794	21.6045313378719	30.7876438867474	29.8706187964309	28.4958324031305
NODE_92_length_86032_cov_31.048373_59	AGQTIVLK	28.032546217049	29.1618052128975	29.5909044873788	21.5062575561977	22.447661740047	23.3466304663903
NODE_92_length_86032_cov_31.048373_59	AGQTIVLKDGTYHMTGK	25.8549792561776	27.5518983800959	27.087601068213	22.8528229731197	23.6744102696192	22.6867174139008
NODE_26_length_78125_cov_16.771538_10	AIEAGTTPDVIMEGPER	22.5171709031817	22.6029261807308	22.679327814191	27.7106312585296	25.3982935622358	25.554118288959
NODE_261668_length_316_cov_1.103448_1	AIFM+15995PNGTWIVGEMAEAPR	21.0851927642205	25.3604311898072	24.4176071240564	25.5886368705258	24.5334433320061	26.4610928272769
NODE_261668_length_316_cov_1.103448_1	AIFMPNGTWIVGEMAEAPR	21.4799362582355	25.7158893246304	24.4673727075945	24.2000029629006	22.0270879654456	24.8154825865134
NODE_1160415_length_378_cov_2.133127_1	AILFGGR	28.1319277482801	27.5386769129155	26.9825055345494	24.8702777907591	22.3277752255226	24.1205827181105
NODE_69_length_139239_cov_17.311135_41	ALESGEKIDIFEDDYSR	23.9108684107369	21.0312121434497	21.7547570236373	27.078030327664	29.3405987866099	27.0093456426125
NODE_37231_length_1132_cov_2.571959_1	ALETGIPK	22.3779598384902	26.5930616621484	27.9987339963413	27.8858812213942	27.2459932047185	24.6390381427311
NODE_12_length_417279_cov_36.723393_34	ALGEDGPTHQPIEHLDSFR	28.5936850373602	28.8148839046252	27.4167538536681	23.1964971189381	26.0647827219812	23.6026473903608
NODE_42_length_62050_cov_15.674877_23	ALQLMGMDGGTLR	22.8333396745793	22.3802075983181	22.360937740504	28.1300627229633	27.0071012004915	26.389540360326
NODE_37_length_172616_cov_483.367203_54	ALQPGEVLLLENLR	26.9191679867695	26.3689128432424	23.8892974809705	22.9719632603383	21.1478417682943	22.1208000622289
NODE_78658_length_953_cov_29.283964_1	ALTDAGVEVEELFIQR	24.6609581912727	28.1551962523569	28.9409953030715	22.7027040894407	25.9049732059947	23.7526154410918
NODE_53_length_133033_cov_15.924378_30	ALTEAWTYEEAENR	25.0689081411402	25.7016311451921	23.0145606222443	22.6328435699575	21.2258618872838	21.9977054765648
NODE_53_length_133033_cov_15.924378_30	ALTEAWTYEEAENRRE	28.276973816042	28.6842168214408	26.3631413881624	22.3737716027955	23.3572388582464	21.8016153987767
NODE_188745_length_260_cov_0.936585_1	ALTTENNPEFDKVGIK	23.3214326642364	22.5398221205398	22.2861110712954	27.7251393667997	25.3416043308829	27.5176014231188
NODE_2316025_length_248_cov_0.994819_1	AMDIDAAGLPFLK	25.6201685803233	26.4179611636001	25.1399687731824	22.7084349039376	23.6320481990516	22.7912809316567
NODE_102_length_38513_cov_17.481356_19	ANANNESFTK	22.9137756099912	22.9233811045087	22.1487450770889	31.8905924398605	30.433803684181	31.248981183089
NODE_130_length_64212_cov_533.077716_22	ANLDLSK	29.2648804826941	27.6613252494684	25.7672905712985	22.5479053530139	22.3112945568972	22.594015713171
NODE_28_length_74638_cov_15.378183_53	APVVDDVAEAPAASGGNK	23.3068239649831	23.1842822052629	23.073363973448	26.846910197626	25.4817304637716	27.3468878174645
NODE_35_length_67532_cov_15.706908_44	AQDYDSVYAQR	21.7437740972736	25.2682967707728	22.7461603686947	28.5407103621777	25.6357765642785	26.9518262856925
NODE_53070_length_789_cov_3.461853_3	AQTESFGYNTEEIVSSDVIGM+15995K	25.3197581064803	25.7173937196191	25.2861794063475	23.5021714582882	22.5056595094976	23.141356914995
NODE_53070_length_789_cov_3.461853_3	AQTESFGYNTEEIVSSDVIGMK	26.0299060079685	27.9401092410271	26.0802281778533	23.6193683375177	25.0268558692722	24.4976226074953
sp|Q3UV17|K22O_MOUSE	AQYEDIAQK	29.0844111120981	30.3769973285625	33.2543417457787	28.1223809372403	28.2296311370432	22.0791321767689
NODE_103_length_38258_cov_14.684711_2	ASETGGDTAAAGAFK	22.2764907030775	23.6174992325355	21.0776468752787	25.7261144023462	25.1382508605603	26.037267596983
NODE_95_length_83977_cov_30.953516_10	ASFNETDNR	25.7065137238289	26.2639005657021	26.037288546443	23.2722309048429	21.0652247217883	23.6945553936912
NODE_155_length_52976_cov_14.611837_11	ASGNGGTTDQVSGSHVFMFK	29.3181208833225	29.0685596814044	26.4616861434277	22.6492774756703	21.8064284204772	21.7009867895495
NODE_26_length_78125_cov_16.771538_10	ASTGFFPVR	22.8326791062097	21.6871455608017	21.0648875825157	32.8444391982876	31.1725983437709	29.6544443921337
NODE_342_length_13143_cov_16.726925_2	ASTQWGEGFQEEDYK	23.3063135031222	21.8870993771373	23.916284404496	27.6303426782279	25.3005463942575	26.9438020052189
NODE_342_length_13143_cov_16.726925_2	ASTQWGEGFQEEDYKALVK	22.2151987293923	23.9830238178858	25.3380372119428	30.9040458367734	30.1430918864155	29.2134522438871
NODE_52_length_58598_cov_16.124746_45	ASVDEINTFAK	22.5062431787737	23.4164839091826	22.1277049639878	25.9667745647843	25.639369415991	25.7647622767941
sp|P30275|KCRU_MOUSE	ATGSVFDISNLDR	27.9485439548671	26.7482962594512	25.8450324746265	21.264421276853	22.8545619781907	24.7902458698596
NODE_1690_length_18757_cov_16.526040_11	ATGYDLEGVAK	21.6117991534742	22.8939535039181	22.7470767540407	27.917467416252	26.5734180179837	26.4656301717453
NODE_1880605_length_209_cov_1.805195_1	ATLFPK	30.4077071947999	29.6548199383809	29.9453099613829	30.3424438688303	23.3674930142564	21.7993949838028
NODE_21_length_231770_cov_67.560775_179	ATTMPLVFQSR	27.4070588289484	27.5835530452337	26.1082503751446	22.2871235205524	26.4701688097183	21.956862356722
NODE_70_length_110019_cov_15.608617_22	AVAELADKLEGDEK	25.5020618597749	26.2430716847924	23.6963605608966	23.1011525500374	22.5057625695146	21.1865471966987
NODE_196417_length_352_cov_1.292929_1	AVAELGIK	22.2121152241549	22.9664670352563	21.2802850826936	26.1853120725435	26.2369554758019	26.0586239950506
NODE_76278_length_457_cov_2.388060_1	AVAELGLK	23.5893421358076	22.5836908699779	19.6758859899111	26.1853120725435	26.2369554758019	26.0586239950506
NODE_2258032_length_252_cov_0.974619_2	AVEAAVK	21.2630189884317	24.0346093902132	22.9649165826257	29.5518250575181	27.7894251888285	28.0115865984133
NODE_362_length_12530_cov_15.571062_6	AVEPDEEEGKVLGAYDK	23.6083006996905	21.8895463376159	22.1576844632683	28.4515978735364	27.4690976109881	27.7956618336256
NODE_65_length_117347_cov_28.503052_63	AVGNDVTAAPNPVEK	22.4515129835072	23.8041018661743	24.8738953948087	22.2101320898885	22.7785579784965	22.0488223357873
NODE_1245987_length_359_cov_1.476974_1	AVISPVGK	27.9507144676343	27.9704875586165	28.3305259780305	22.4746773610902	22.4356826480497	20.7897683631917
NODE_92_length_86032_cov_31.048373_59	AWEFAWFGTSTSK	23.4473314748654	24.7784128632836	25.023437624626	22.0826075022075	22.8050410964879	21.2992526735578
NODE_53_length_133033_cov_15.924378_30	AYDETASFEK	28.9355080550122	28.1531073582872	26.0352550310998	22.9215092675755	21.064894884448	20.8667343390985
NODE_75_length_101378_cov_26.619928_17	AYMWESELGIK	28.7607204549878	28.4581460542055	28.3103836121499	22.1433073347004	21.9828601781878	23.1211876037807
NODE_24_length_224501_cov_34.530658_114	DADKYADKIDELNAFR	28.9110423538636	28.4528608086179	27.520957554051	23.6728175152721	27.4340644016895	21.7862794250394
NODE_24_length_224501_cov_34.530658_114	DADKYADKIDELNAFRK	26.287914892105	27.3027789127797	26.0756557385631	21.9142687516201	25.5921207461521	22.8608032906727
NODE_103_length_38258_cov_14.684711_2	DAEDELTQNFVTTYKEK	23.3453922734532	22.7531954678023	21.9218645178688	25.2974710294091	25.2073206181527	24.2194840660363
NODE_28_length_74638_cov_15.378183_53	DAFKDAK	23.4677234340804	22.3754200811741	22.1117873007492	27.2357601531562	26.7948875980561	26.633186931628
NODE_1660_length_18978_cov_8.600539_2	DALTEALQNVIDGK	21.4216251937885	24.7132954675832	21.7998313517145	25.4326892035996	21.2902461406394	27.5193835821122
NODE_841681_length_441_cov_1.790155_1	DDLASAEMIGTQK	26.3162918911346	27.0564136325776	26.5804653757994	23.8849035580841	23.2536587139853	21.7239107417908
NODE_1054466_length_500_cov_1.723596_2	DEEIEKNHRR	29.6318348761974	28.0907335188408	26.4982163122989	21.4364126979438	21.4968620747341	21.749553734886
NODE_52_length_58598_cov_16.124746_45	DEINTFAK	21.659318372091	23.3214802893258	20.7515855773045	29.8566036938764	28.3526235162484	28.0358003783056
NODE_146_length_55824_cov_14.301117_41	DESQDLAYSTTQDLLK	27.2858620360058	26.8045819623138	24.8760756667416	23.6920589219216	22.5240928331796	21.5034858475019
NODE_75_length_101378_cov_26.619928_17	DEVQTLLADGTLK	24.4773516489148	25.1434996818397	25.8934002306967	22.8776850113004	22.5419710775129	22.0556705335043
NODE_24_length_224501_cov_34.530658_29	DGDKSVYMGK	28.3490181701269	22.7517475317394	27.5715965426104	23.6741776111859	27.4582634148661	21.6236931037609
NODE_70919_length_474_cov_1.439141_1	DGEVIDDVDEALDR	24.9536256145676	27.8558436728474	26.2442155929214	22.2073016360513	23.3345880759331	22.3449081528026
NODE_92_length_86032_cov_31.048373_59	DGQYTATYK	26.2556770919278	27.7901712817813	27.8266287820136	22.0742113760211	22.5412844355972	23.9304126808296
NODE_92_length_86032_cov_31.048373_59	DGTYHMTGK	25.746836573025	26.4892696690199	27.3803043673536	23.5430089371287	22.665818603219	21.1747716219531
NODE_24_length_224501_cov_34.530658_114	DIIKNNPDSFR	30.1530650661949	30.0988361652098	27.2802967235553	22.7134701028571	28.7967605347111	21.970817693926
sp|E9Q7P9|CDHR2_MOUSE	DINDNPPVVR	21.8508528919724	23.186666858172	25.6198608471572	26.3015409893626	26.9224100058412	27.7968069402814
NODE_92_length_86032_cov_31.048373_59	DISTSTNTIYVTPDGK	24.1604642015038	26.4541736385794	27.3147717190057	22.1199694135337	22.3696193124967	21.370901228463
NODE_26_length_78125_cov_16.771538_10	DITLWTYPIGK	22.5601443934277	22.647806254577	23.5001332059949	29.1906056104141	27.4316535573179	27.2866553309925
NODE_1798376_length_292_cov_1.113924_1	DKSDM+15995DPWTEYYLLGK	26.4602023952914	26.9909671132976	24.9849406102463	23.123010128615	22.0747675765369	23.2022699858815
NODE_2179863_length_258_cov_0.945813_1	DLFDEDIDRV	22.5367855708387	27.3940094928478	29.1972539322936	32.3212267941903	31.3614983106774	28.5240256065923
NODE_52_length_58598_cov_16.124746_45	DLGNAAPFTTFGDDEKPSDPLAK	22.3248994019782	23.0164070259909	21.4737047181345	27.5375665495567	26.5230086341165	26.0894611495257
NODE_69_length_139239_cov_17.311135_41	DLIIQLYEGK	22.9965713537256	23.8461418870607	21.8681557100769	25.9649915708616	27.6064670024575	24.1247094884691
NODE_122_length_66535_cov_24.245412_42	DLKPGEVLLLENLR	26.617468081848	27.5410428357185	26.3366419390522	22.8341460454911	25.2283563270478	25.0200494242879
NODE_211_length_36337_cov_21.506670_5	DLSAEDFGK	24.777209154506	25.1522467722808	24.3419096739383	23.8487116514392	21.7233629539686	21.9199953149182
NODE_2466522_length_260_cov_1.404878_1	DSQDLTRK	24.1614257393214	23.4520910252764	22.2583677284839	26.3565746108091	25.6693094037477	27.1377038227288
NODE_241_length_28746_cov_36.825590_3	DSSEATQTLR	29.9871221626198	30.0816966319392	30.1458876901249	22.9666139517176	23.9514107662979	22.3509877713448
NODE_1946481_length_277_cov_1.292793_1	DTWLFEVK	23.6117682071987	23.4056941730795	23.8842996290162	27.1743615929214	26.0073578849582	25.0934965498824
NODE_1102058_length_460_cov_1.604938_1	DVDLFLPR	22.4029714560541	22.279137733431	22.9862910094527	28.5455053340027	28.1378503710595	27.6191192203249
sp|Q11136|PEPD_MOUSE	DVDTGKSTLFVPR	22.5912090614169	23.6571963717864	22.1325721366485	26.3165853762308	26.0528948624408	25.829607581491
NODE_52_length_58598_cov_16.124746_45	DVEGNTVKEEDVK	22.7000148069854	23.4427022823341	22.610211058735	24.9591207582124	26.3590574178039	22.7668661273605
NODE_154222_length_802_cov_1.835341_1	EAEGM+15995SLEDLAK	24.7309667675534	24.8031165533093	25.1432038226513	23.8737941589157	22.6616515233812	22.9799437866312
NODE_154222_length_802_cov_1.835341_1	EAEGMSLEDLAK	27.4984598128391	28.577623193156	26.5813277159571	23.7030983325737	22.5777115085742	21.4658052631147
NODE_53_length_133033_cov_15.924378_35	EAEITADNASGNVTVK	26.3680802437589	26.4371102128173	23.2727003981846	22.7768285941126	20.3911068486507	20.7510401579205
NODE_978740_length_405_cov_2.434286_1	EAGLTETITK	22.2047505720705	27.3145815848128	23.6343666296127	21.374591659945	28.793678960284	29.2073206181527
NODE_978740_length_405_cov_2.434286_1	EAGLTETITKEK	21.8362910103356	23.7162953034412	22.3850120789756	31.7020948203386	29.0866524135142	26.4174676300213
NODE_102_length_38513_cov_17.481356_19	EAGLTETLAR	21.4820889613019	22.5176064656214	23.2534094421703	33.8860375407584	32.2136434379083	32.7801280383816
NODE_1898847_length_281_cov_2.123894_1	EAHWGR	22.8624761821545	24.928364033354	23.3136824292581	24.4341913275482	23.5493786730082	22.2924410343392
NODE_75_length_101378_cov_26.619928_17	EDGDFEAAR	27.7498950971272	29.190958764928	28.8535879730967	21.2832088351943	22.0654609963182	23.4444202074153
NODE_62_length_55487_cov_16.392625_32	EESAGGGYTFEIIVK	23.2312706162264	23.9256505037609	27.6974679213903	28.9223875221842	28.3203464785184	27.9134944586438
NODE_2021959_length_323_cov_0.694030_1	EESKTAETYSEVVEGMQIDR	24.6898184386784	25.0082559211159	25.4357440091859	22.726812211589	21.2469765163544	23.5097782793055
NODE_162_length_47775_cov_39.301760_24	EFDVETMR	27.1791163762145	27.5181832117542	26.6405834342274	25.4256000926517	28.0444250550575	20.6549414675785
NODE_241_length_28746_cov_36.825590_3	EGDALTTPR	31.6697241777459	32.0553504976461	31.8404677708428	22.3914561728342	23.4230525457434	22.1989330145205
NODE_538958_length_527_cov_2.881356_1	EGQVIWEFMK	22.2793932525865	23.0911100736379	22.3720276517205	29.1875413113238	27.4859271853377	27.8616553649322
NODE_487654_length_355_cov_1.280000_1	EIIPGTK	26.7606570133291	26.0097300537634	27.1061946992666	23.0264819320216	22.6036164759462	21.9927599667355
NODE_95_length_83977_cov_30.953516_10	EILPGTK	26.7606570133291	26.0097300537634	27.1061946992666	22.7466854005568	21.491541679151	22.1675987183946
NODE_19_length_93630_cov_16.507133_74	EITDMVNAFR	22.1547824347198	21.7193543370216	21.9687906452846	28.4241828871763	27.0664055627733	27.7906684628118
NODE_102_length_38513_cov_17.481356_19	EKGLLPLTDVM+15995DMTVPGEDVK	23.724362412153	22.0773333449951	23.5114237526083	28.1690653671881	26.7707723574211	28.4091244800568
NODE_102_length_38513_cov_17.481356_19	EKGLLPLTDVM+15995DMTVPGEDVKVK	21.5110386237614	23.0930700167729	20.9080083200192	27.0955033178632	25.6901249315044	26.095818509597
NODE_102_length_38513_cov_17.481356_19	EKGLLPLTDVM+15995DMTVPGEDVKVKDK	22.7972519484815	22.3912045521264	22.2210073053986	26.5161452978736	26.6145631530059	24.6960421203168
NODE_102_length_38513_cov_17.481356_19	EKGLLPLTDVMDM+15995TVPGEDVK	22.0828545430586	23.2975148551007	22.1504984587924	28.2607594539272	27.3004242037121	28.4091244800568
NODE_102_length_38513_cov_17.481356_19	EKGLLPLTDVMDM+15995TVPGEDVKVK	22.7949342487298	24.9735404064237	22.8610316591705	27.0955033178632	25.6901249315044	26.095818509597
NODE_102_length_38513_cov_17.481356_19	EKGLLPLTDVMDM+15995TVPGEDVKVKDK	23.9475100028732	23.8206484258091	23.5637133779693	26.5161452978736	26.6145631530059	24.6960421203168
NODE_102_length_38513_cov_17.481356_19	EKGLLPLTDVMDMTVPGEDVK	23.8553695790855	21.6323884975575	21.7982483448788	31.0071145706016	29.1695671949436	29.821880479275
NODE_102_length_38513_cov_17.481356_19	EKGLLPLTDVMDMTVPGEDVKVKDK	22.1280471960285	23.5865464379593	22.9831147485853	27.9084763211028	27.4841224003132	28.3435455509522
NODE_978740_length_405_cov_2.434286_1	EKGLLPLTDVMEMTVPGEDVKVK	22.3410337993957	24.1184494712234	23.0779898457956	27.3967553750079	26.3305174299676	26.998841575853
NODE_42591_length_1350_cov_2.210811_1	EKM+15995LKSPIFRPVLFSVM+15995HWYM+15995AETVGGMGDFGK	22.978317437241	26.4226520230424	22.865952967213	23.709146091528	22.2542755092644	24.4272637319482
NODE_2876360_length_211_cov_2.461538_1	ELDDPYILITDKK	25.5962789461677	26.6184892377638	25.8488570983752	23.6177126031516	23.0401467798538	21.6536377126139
NODE_30_length_73332_cov_16.410333_40	ELDVSMLK	20.9221417540161	24.1557223395058	20.2565940965629	25.7597431439736	24.9638898563821	26.4733002180101
NODE_26_length_78125_cov_16.771538_13	ELFYEGKIEDAR	22.7079406333063	22.5651865707914	21.7929597727011	29.3903514441378	27.6800734099177	27.9138320582688
NODE_48_length_142924_cov_15.577501_98	ELGELGDTAR	28.1612526172633	27.8742003621754	25.7292819664267	22.5891905506878	22.8761509024642	21.8395632975104
NODE_746512_length_233_cov_1.949438_1	ELGYLFGQYK	28.5859897885546	28.2493429421283	27.5752804823809	22.0986473474145	21.3627481393139	22.3752920853729
NODE_1876737_length_210_cov_0.612903_1	ELIPGTK	26.7606570133291	26.0097300537634	27.1061946992666	22.4071797345841	23.1628076160565	22.0365900093728
NODE_2296796_length_249_cov_1.659794_1	ELNDNIK	21.6809285872261	22.9374515854321	21.9447655488825	28.2769294588638	28.245675934637	25.858255951392
NODE_180867_length_260_cov_0.936585_1	ELNEFEK	20.5288987806344	26.4899280528568	27.2999877244056	26.7732901504526	25.9275052728288	25.8968218444995
NODE_2092701_length_264_cov_2.296651_1	ELSIQDGR	26.265332183717	27.4870013042223	27.1751234121026	22.2818603993391	20.9812243726996	23.2094652100546
NODE_1450288_length_411_cov_1.980337_1	ELTVDKK	22.8880787550632	23.7927962286168	23.2965119848443	32.1975351639664	29.3144951518954	31.5422243437261
NODE_479545_length_556_cov_2.001996_1	ESIQETDIEYM+15995EK	24.8271620272759	25.954002966741	25.2395798838764	27.9948018439646	25.7399021310158	24.8438351973906
NODE_1582938_length_368_cov_1.533546_1	ESNFYM+15995LDNNRR	25.7002822263547	24.5468082857287	23.6530123227109	24.2090443154376	21.3660658702174	21.0089802320526
NODE_125_length_31678_cov_14.865984_18	EVFAASKEQVDR	21.2138158806983	22.7005379809469	22.5870018317712	24.4811761377517	22.5449823501851	22.9574301291575
NODE_220923_length_248_cov_2.606218_1	EVGVIPR	29.0048264788955	29.414739422554	22.6621465855957	27.4746003895794	27.2889446247938	26.9297640724774
NODE_144380_length_515_cov_1.917391_1	EVGWQEYQNAGK	25.2313993311465	25.5131909742874	23.6680652113932	22.7228564544863	24.040491601697	22.5105696502293
NODE_1910104_length_280_cov_0.853333_1	EVLDADFAK	29.5092806212016	29.4944978276648	28.5064647943557	22.5414765574845	21.7943205886399	29.2366498959256
NODE_498373_length_670_cov_3.172358_1	EWIEKMWVIYTM+15995K	22.5624108251761	22.4301949665541	22.9027643591832	25.4651942087259	26.3396520011717	23.2110250070647
NODE_1179582_length_256_cov_1.432836_1	EWINKIR	22.2027249398263	22.7985265443609	21.7256593051064	26.0639603337696	26.5454685103611	24.7668863418084
NODE_148_length_26664_cov_17.077831_1	EYQNTLK	28.0646593936309	28.4374991853217	25.3343589506393	23.1056520951382	20.4096438200746	22.7350430360237
NODE_1096_length_27003_cov_13.435394_2	FAEDVAAK	28.1455476209137	27.3564906575349	28.0492116707133	21.7882434325455	22.7889447000801	21.8041142944884
NODE_1059_length_27807_cov_11.604713_11	FDEGTAEETVIVKDGK	23.6043223359727	26.3549786625938	26.1290998192218	26.3121092888946	24.6603598221881	25.6473246906645
NODE_2652_length_3742_cov_4.503390_1	FEDFKADESEHLK	29.2922401057847	29.9906425839877	29.4799473925802	22.3369875795906	28.8225015910297	22.9805328862999
NODE_52_length_58598_cov_16.124746_45	FGDDEKPSDPLAK	22.1072337048113	23.0922791968628	20.4243818316644	30.6538894289656	30.1671041760346	28.6216224309943
NODE_40_length_155359_cov_14.257051_66	FIGEFPVIGIRPT	26.4326732762094	26.5076522693375	25.1376256575318	22.384995894768	22.3667601288221	22.4577335201849
NODE_366_length_32988_cov_63.537090_2	FKAEGVEVDDKGDAAESTTQAIK	23.7804668786207	25.2781945817238	24.4471422648224	23.5086934191774	21.3400949091499	23.0564152655348
NODE_1093315_length_390_cov_1.677612_1	FKASLAQRDSR	31.3146788156557	30.4594364966824	30.4018207066916	30.7714022177415	29.5371962384479	30.8472239097961
NODE_53_length_133033_cov_15.924378_35	FLEKEAEITADNASGNVTVK	27.6780828904626	27.2746210042471	24.6764293099769	24.0313687127236	21.4038094234011	22.7937219840882
NODE_125_length_31678_cov_14.865984_18	FLLDQERQENLQ	22.2472141994631	23.9837701762323	23.0815209679682	27.1109800924982	26.9059831591297	24.5170118882604
NODE_1026_length_28395_cov_7.872336_5	FNDQIHPLEGR	21.0861994983819	23.8040274642644	20.9053356625224	25.52644550959	27.4155455325604	25.4675903766638
sp|P12787|COX5A_MOUSE	FNKPDIDAWELRK	21.2180882415893	21.1502913336097	23.1630103176474	24.6163873068774	25.0082559211159	24.8814302894472
NODE_538265_length_249_cov_0.989691_1	FSNPNIR	26.0542826967114	27.366901293888	25.7862125851538	23.6148964950147	24.60456724893	23.058894970578
NODE_28_length_74638_cov_15.378183_53	FSNSEYDAAMDTSR	22.3522762028365	22.4142797836428	23.0524662510896	25.5954254992706	22.6045369413354	24.646857945669
NODE_92_length_86032_cov_31.048373_59	FSVYGILGTQK	23.5725364797741	26.3820540291853	26.6597612048222	22.6716523955359	21.3865560366099	22.5101286223814
NODE_92_length_86032_cov_31.048373_59	FTTGLTPELVSANETTGAK	25.0523352083156	28.7564668649133	27.0968273299343	22.5163028604613	23.2597386752945	22.4111597535111
NODE_3089906_length_219_cov_1.170732_1	FVDGLWKSYTEK	25.8085520141748	25.9041004044086	23.8601283964864	22.4873922015985	22.3253347445197	23.2134649019604
NODE_37_length_172616_cov_483.367203_54	FYAEEEGKPR	29.6271274768036	27.388567689104	26.9851958377249	24.388129095562	22.5211089652302	22.4733692817031
NODE_62_length_55487_cov_16.392625_18	GADAIGQIER	20.7797377439793	22.4810854586185	21.5488714428604	27.6898584196963	26.9811993370488	28.1525272443334
NODE_241_length_28746_cov_36.825590_3	GAGGGYLGTYLTTAK	24.4212399443205	25.7272835758259	25.0822907024102	21.272241808896	21.8712348023708	22.7421909568618
NODE_12_length_417279_cov_36.723393_87	GAHSVTFHMGATHAPVR	27.1329018373874	27.5660166316865	24.6337828203346	21.7097141828083	25.0045318408794	21.4064708446375
NODE_155_length_52976_cov_14.611837_11	GANIPIVSVDSEASADYR	27.0086566497046	26.7998355409697	23.1608642321252	22.3788859588152	21.1916661852376	20.9860363464405
NODE_12_length_417279_cov_36.723393_34	GAQAHAEWDEALAQWR	26.1679655151009	26.6204762478626	25.5037306450383	23.1696088748873	24.8188501209942	22.3528807302169
NODE_75_length_101378_cov_26.619928_17	GAVTETDLAK	21.6506643719101	25.4589830181458	25.7879816474533	23.9851131879671	21.2517015836207	22.9275870720793
sp|Q9CQ52|CEL3B_MOUSE	GDLFVHPK	25.0865081633699	22.5587764018426	22.6038467620793	25.8583271013106	25.6628061282112	26.2318021395875
sp|Q9CR35|CTRB1_MOUSE	GEFDQGSDEENVQVLK	25.5722762507874	23.6099258926836	25.3648952827427	25.7354155420463	22.9714790021418	26.9407813561294
NODE_2382700_length_243_cov_2.042553_1	GFGADLGAEK	26.8120092172121	27.3826147923009	25.020939597401	22.2081777173693	23.1583616430664	20.5823778465829
NODE_842_length_13569_cov_63.198609_6	GIDIDAFMK	24.1769121052877	30.9944916638216	28.7947327010696	20.867567916735	27.9733372192758	23.4941816628015
NODE_130_length_64212_cov_533.077716_22	GIIDAILDGSIDKAPTK	28.0422189115017	24.3640937669235	25.7510323906075	23.1133764023161	20.9441003243379	21.967897003558
NODE_88_length_88402_cov_66.529469_4	GIMYQNPELGFAEK	25.018140058927	23.2209309098011	25.0763899345285	22.2252453951875	22.3810431989565	22.3123452241002
NODE_40_length_155359_cov_14.257051_91	GIPTILSPELLK	29.72190077355	30.1606276889583	27.0339275077869	22.816172525146	20.6229933541579	22.603777340569
NODE_37_length_172616_cov_483.367203_54	GLAEDATDEEKAAAK	27.824669838394	28.1044460686288	26.3208428202264	24.4828404402437	24.9767057038526	23.715566828396
NODE_242_length_28573_cov_16.369556_18	GLDNEVPEELK	29.5207140754412	28.9768367844627	25.4430049813014	22.8582309476976	21.4840591110151	22.9884501759695
NODE_92_length_86032_cov_31.048373_59	GLFELGEGAPSK	26.3720059017097	27.8451760811473	28.8560841915541	20.9527753944849	21.6370708195427	23.1221547512575
NODE_62_length_55487_cov_16.392625_32	GLGFIDR	23.2733676179611	23.1284262813673	22.2501000290063	31.4634860669158	29.4214365949235	30.7790957721338
NODE_62_length_55487_cov_16.392625_32	GLGFIDRFSEL	20.7405566284492	23.4741174403845	22.9214189169947	27.0840562367458	27.4167538536681	27.015739160902
NODE_62_length_55487_cov_16.392625_32	GLGFIDRFSELA	23.4593811888829	24.3568375049227	20.9670575383091	29.3649453626992	27.8516236241311	28.8296862062645
NODE_155_length_52976_cov_14.611837_11	GLGLPTEMNK	30.2026813860262	29.907416537331	27.152672294692	23.5804005146939	21.9872624486249	22.6663006160408
NODE_241_length_28746_cov_36.825590_3	GLLDSEVMTK	30.5451738873876	30.0623965034693	29.7857824500217	22.9654508544152	21.8694315660579	22.5190208947543
NODE_102_length_38513_cov_17.481356_19	GLLPLTDVM+15995DMTVPGEDVK	24.295562068107	23.6313842361095	23.3224540129242	26.621752832694	23.1536311941017	25.4793175921659
NODE_102_length_38513_cov_17.481356_19	GLLPLTDVM+15995DMTVPGEDVKVKDK	23.3516336442067	24.4118816264059	24.4141256013071	27.2929187716527	27.0181825167337	26.126926011329
NODE_102_length_38513_cov_17.481356_19	GLLPLTDVMDM+15995TVPGEDVK	23.5142463534296	23.3198256861737	22.9640637150252	27.0129987458887	23.1536311941017	25.5144745159085
NODE_102_length_38513_cov_17.481356_19	GLLPLTDVMDM+15995TVPGEDVKVKDK	21.316933187921	23.0937806019673	22.0245101876428	27.7114192217957	27.0181825167337	26.126926011329
NODE_102_length_38513_cov_17.481356_19	GLLPLTDVMDMTVPGEDVK	23.3124507172318	22.8909480886252	22.5482459691862	28.5434417612698	26.8518856919118	28.9863085362945
NODE_978740_length_405_cov_2.434286_1	GLLPLTDVMEMTVPGEDVKVKDK	21.9271018770991	23.7282849984233	22.2546597366575	28.3713994533056	24.7989708750517	24.9364968642133
NODE_1690_length_18757_cov_16.526040_11	GLPAFGIYGHDVQNADATDIPADVEEK	22.0744387353482	23.7662182266389	23.2910519352801	26.5884939091184	26.1149955326767	26.8699719929944
NODE_342_length_13143_cov_16.726925_2	GLSTTVK	21.8401014372204	22.0312952620695	22.1050961320314	33.1208217424182	31.8674702515918	32.5011868727708
NODE_88139_length_928_cov_2.009164_1	GLVSTPSIK	24.1352275449535	25.0277882475659	27.0863309943352	28.0240614561832	26.6582635738238	26.452572179093
NODE_103_length_38258_cov_14.684711_2	GMTWDASGEPDKAPK	22.5488478012691	22.0652845160917	20.5367009208346	27.3613518898327	26.8823868832394	25.4512284082695
NODE_127253_length_854_cov_1.819775_1	GNHEFDYGYANFK	26.6418239880103	28.7105064582045	24.1805587297655	22.1991500774077	25.581615048171	21.6857931877784
NODE_127253_length_854_cov_1.819775_1	GNHEFDYGYANFKEITK	24.7277509800442	27.1944338994259	26.4282066751399	22.1562277344018	25.3662968648227	22.0872885118678
NODE_187_length_41794_cov_24.545653_18	GNSYITPDSESILPSITNK	24.1869937667234	24.3821200126307	23.7942183237796	23.5204615909547	21.6028000935296	23.357699113594
NODE_92_length_86032_cov_31.048373_59	GSQTVEEADVLAGEALDYK	25.3197925543746	27.2266946324318	27.3516972272658	22.3794403839192	22.8859882474571	21.7066043754374
NODE_92_length_86032_cov_31.048373_59	GTEGEFDAVPGMR	25.8974682649732	27.1151543301662	27.2810930838053	22.3474185208003	22.4347630745505	20.6487593613357
NODE_2670112_length_243_cov_1.143617_1	GTNVSNIK	22.8926161400514	22.2391746440747	22.8586968965858	30.4843337152417	30.5721750379481	28.3252164363753
NODE_92_length_86032_cov_31.048373_59	GTNYSLYGK	27.3077373799195	28.1635577027002	28.8592576562846	24.1465456865865	22.4720012012955	21.2417112030873
NODE_92_length_86032_cov_31.048373_59	GVEAEITNLK	25.7469902937946	27.5217813307325	29.1032707976641	22.055793116974	21.4231283747169	22.0230761614397
sp|Q9CQ52|CEL3B_MOUSE	GVEEGQEQVIPINAGDLFVHPK	27.3182933101233	26.8398410856156	27.7203847638198	25.4759612184967	23.0383799998008	27.888496431957
NODE_242_length_28573_cov_16.369556_18	GVIDQTIEATK	27.8393605676742	27.651162741493	24.1086093189967	21.5355462830541	22.1515794812227	23.478200010666
NODE_242_length_28573_cov_16.369556_18	GVIDQTIEATKDLEERPS	28.2892613178125	27.8561732623818	26.6208677298601	22.9352127604534	23.0191377030688	21.2210347005332
NODE_242_length_28573_cov_16.369556_18	GVIDQTIEATKDLEERPSVL	27.2672268920171	27.4255440714095	24.5954254992706	23.8269890590149	21.6456454252726	21.9300045836946
NODE_88924_length_438_cov_3.584856_1	GVINNDPNESGYR	28.3288153567649	26.647187428399	28.1671041760346	22.485975269795	22.5920474810131	21.2896643289553
NODE_62_length_55487_cov_16.392625_18	GVPGILSPELLK	22.7535837369629	23.9876986694314	21.2515355490498	27.0370580856493	26.1795720120876	26.5292189203723
NODE_29164_length_1376_cov_4.970477_1	GVSEDIIKDLR	24.1113184566198	25.3389213204642	23.5884081254736	22.0983337191175	21.6728110239896	21.6507221236026
NODE_976_length_4120_cov_33.131119_2	GVSEDILKDLR	24.1113184566198	25.3389213204642	23.5884081254736	21.9816072491089	22.8601046964291	23.3641004297925
NODE_46937_length_888_cov_2.193277_1	GVVVDRPTPL	25.6778007059794	24.5580661135453	24.7774600100022	23.5951371982246	20.9241415173734	26.6519838542305
NODE_220_length_34293_cov_52.307728_11	HASAPITPLEPSPYLPESR	28.83694053052	29.9071299755978	26.6627518108964	23.1214619493685	26.1660315687484	21.2382493102027
NODE_80236_length_318_cov_1.467681_1	HEEEEEQGKK	25.8006009553905	26.7542923449267	25.6443294084112	24.2091048730612	21.7079559152776	21.3623034095632
NODE_233680_length_239_cov_0.994565_1	HIQGVMGSAAQQGR	21.5811720440877	23.1986698455126	22.8240711909289	27.0026930120575	26.2794113629623	27.39851375192
NODE_57_length_128647_cov_31.518975_25	IALLGDTDTPTGK	25.5523895452657	27.3102535830043	27.7907305983951	23.9102342325864	23.7829515401487	21.156263697872
NODE_263721_length_239_cov_1.565217_1	IDDALLLITDKK	24.9119595253856	25.2512587520679	24.778162173429	22.4789289998572	22.2661270413318	21.5743736131493
NODE_125_length_31678_cov_14.865984_18	IDESQSYFDGQK	23.259472691341	24.685728399277	21.8222441306994	26.5514363856295	24.0672675962274	25.0233953211956
NODE_342_length_13143_cov_16.726925_2	IDQTQEGLTITSAMK	23.0152473780749	22.040595759844	23.3271142592645	24.4190549186727	23.2994987107561	24.5483967359291
NODE_26_length_78125_cov_16.771538_10	IEAGTTPDVIMEGPER	21.9338958982629	22.647337344535	22.3923267174702	27.9526595873046	26.7050374972294	26.9992718136973
NODE_69_length_110053_cov_36.937735_93	IEANEDEYKKDALLER	26.2101945784534	27.1196232593825	27.4523050962618	21.9830999552488	21.4115805420661	20.5433093831375
NODE_24_length_224501_cov_34.530658_114	IFGPDETASNR	29.9556000708409	31.0223646730187	27.9926967044424	23.7714169179343	28.142678133649	22.9310975981472
NODE_1024163_length_269_cov_0.897196_1	IGEVNQESTSESITSR	23.4590142971042	23.6385410901711	23.4173817809205	24.8641494860496	22.0029695561942	22.5886991533298
NODE_283400_length_826_cov_1.923476_2	IGGFIDR	23.1384249151364	23.2989720616528	22.5787220990786	31.4634860669158	29.4214365949235	30.7790957721338
NODE_35_length_175635_cov_72.874963_115	IGPVTAR	27.074696642268	26.9323573275182	26.0221891516804	22.5482229980877	27.6008788555266	20.2279657130859
NODE_154222_length_802_cov_1.835341_1	IIKEAEGMSLEDLAK	27.763296999587	28.4420024320284	27.0880460884897	22.9419109694201	22.5504964172737	23.2526236789365
sp|P01592|IGJ_MOUSE	IIPSTEDPNEDIVER	25.134945939843	23.0885728477561	25.8600573353497	24.5745588822853	24.262126969355	22.9211980822926
NODE_44707_length_687_cov_3.037975_1	IISPELLK	30.0910615273687	28.9410613117006	26.915816116319	28.3716902480511	27.1727413902279	27.4132065715346
NODE_1701006_length_221_cov_1.156627_1	IIYIEEK	28.2414996017196	27.8549554848289	26.6695256755378	22.7840943775309	22.9269722443416	22.0191376376967
NODE_2397391_length_242_cov_1.957219_1	IIYLEEK	28.2414996017196	27.8549554848289	26.6695256755378	23.5330608366533	23.1005097647615	22.7668128227292
NODE_1948_length_16673_cov_4.612408_11	ILDIDNEK	27.0453107353734	26.9532703693959	31.1104512396347	26.9700486492608	28.4472684076082	29.362125660321
NODE_1277625_length_359_cov_1.309211_1	ILEDNLK	31.5904940808165	23.5237793323756	21.9274709311113	29.2386782819795	28.3588814134591	28.9492399876879
NODE_125_length_31678_cov_14.865984_18	ILEFANRFPQEV	23.5024839797132	23.3654831983675	23.4713719993059	26.4819151917909	25.5759728790782	25.8236681122502
NODE_242_length_28573_cov_16.369556_18	ILEPLGDSITNYGASSLGGDM+15995VTK	26.9483768570107	27.689325248335	25.6262816449109	21.4585836496606	22.4951877398151	22.6093563874184
NODE_242_length_28573_cov_16.369556_18	ILEPLGDSITNYGASSLGGDMVTK	26.9025774798436	27.072710102326	25.028800103038	22.1341062614975	23.020308388195	23.1191730994011
NODE_42751_length_968_cov_2.711939_1	ILLTPSAPVGNK	22.9740070278499	22.2342207776042	24.2536796107356	27.0074220489396	28.1587031330072	25.4121891503953
NODE_395_length_30142_cov_63.545518_27	IM+15995TLPLNENDQNRFNASFDTLEK	23.4294363696176	25.7675052721563	22.9161214645188	23.2606558246709	25.2217349046962	21.6976144652033
NODE_431863_length_265_cov_1.338095_1	ISININR	23.1832939146295	23.6735842160839	25.6973422608363	28.3739730266815	26.9895602920834	28.3355605254839
NODE_57_length_128647_cov_31.518975_25	ISIPVTQELR	26.0567547037884	27.0637855158648	26.938651916568	23.0455461084524	21.696370733276	21.4884927517367
NODE_3064788_length_212_cov_1.783439_1	ISLNLNR	23.9645198162056	22.5353546270542	23.4550454770938	28.3739730266815	26.9895602920834	28.3355605254839
NODE_125_length_31678_cov_14.865984_18	ISPDGTVLQDVDTGK	22.8725336187422	23.5365439166501	20.8130833314451	28.6549906089092	26.3356712586092	26.7540438016322
NODE_125_length_31678_cov_14.865984_18	ISPDGTVLQDVDTGKA	20.4036537996208	23.1130913034141	21.1699324171743	28.1856050928732	26.9028247051963	25.7131774541099
NODE_30127_length_1035_cov_3.306122_2	ITGGQVFDLEQGFVQR	24.9640441470662	23.6744371203486	24.219890214591	23.2407253735233	22.1690035216085	21.8677456260872
NODE_2386257_length_243_cov_1.414894_1	IVDGAGDSQAIKDR	25.8360044963032	26.6159665529617	25.9567745881929	24.0004404312012	22.6967102346957	22.7804958492479
NODE_58_length_125887_cov_31.064507_47	IVDGEGNKEEIAAR	26.489177777616	25.8098525021772	26.9315685693242	22.0709352540137	20.3424164260496	22.5037094739774
NODE_331268_length_839_cov_2.011480_1	IVDIIAGK	26.9143340319078	25.7998108434195	25.5219610013344	22.5009665050809	21.9266007028953	22.3233383090868
NODE_350715_length_620_cov_1.373451_1	IVGALAK	28.0321257901071	28.5033591280993	28.7674926435785	21.7233541096506	23.0473302465252	21.4084577727652
NODE_1047_length_8409_cov_4.561887_7	IYVADDGIELSK	23.2547153441858	29.0485102803327	28.7485202034213	31.1208989699391	27.7255944653946	28.7310596983472
NODE_241_length_28746_cov_36.825590_3	KADPATYGEDFDVR	29.0408246423955	29.2672157276774	29.2012095699274	22.6512716000902	21.8477580434212	23.5098677594559
NODE_2411494_length_241_cov_2.064516_1	KALSLSPR	34.5192874954828	34.6429666793158	34.7098510793198	34.9657227135592	34.600508938547	23.3310414872299
NODE_695021_length_619_cov_2.588652_2	KDYTIEQIR	26.9109080150024	26.7211674193765	25.8851830305235	22.1530120211346	21.708235305099	21.6300970564105
NODE_154222_length_802_cov_1.835341_1	KEAEGMSLEDLAK	26.7667347265446	27.4532475209274	27.4111871777936	24.1589696439473	23.3473731836199	23.8082176679075
NODE_12_length_417279_cov_36.723393_223	KEIDLEDPFER	25.4146104031441	27.2519629858196	23.8826900610737	22.4907991285953	21.4142759047955	23.5722099605258
NODE_2403256_length_242_cov_1.074866_1	KENCSIKHIK	22.0625518234354	23.0755358449361	22.5391486233882	30.2534966642115	29.4556008927301	29.816212275864
NODE_1262635_length_356_cov_2.355482_1	KFEYLVGDLDQK	21.6643523236373	24.2817829072906	21.3174590904021	24.5380700201746	23.7867609772833	25.0244102613219
NODE_19_length_93630_cov_16.507133_74	KLEVQYGQAEAR	23.1893983221772	23.2062051429589	22.3080488541616	27.6242084789459	26.9749568233876	27.3667054032379
NODE_3_length_629679_cov_503.153587_84	KLLLDFAAK	26.5634004199343	25.1154917168075	25.5973024164638	22.3523518472796	23.2596869532836	20.1201324977178
NODE_2349092_length_245_cov_2.652632_1	KVEIQAFCFR	22.0262330519378	23.7876923863365	23.0005734432554	30.6210424643169	29.3290292953789	29.9165565879594
NODE_10973_length_2198_cov_4.380775_1	KWEADLSRPTR	28.1451588722055	29.6273710401085	30.320339304553	27.0952685564084	26.5287421539962	24.0345629248422
NODE_202_length_38951_cov_23.099753_19	LAEMAEDGQYSGK	25.1849906269607	25.2895251755671	24.6246094072139	22.3185242077967	24.3015818615286	24.1720355567228
NODE_102_length_38513_cov_17.481356_19	LAEYTEPTTVANANNESFTK	22.2831265455553	23.7175400559993	22.7725373513151	26.6878758034745	23.002232670103	24.0118311146072
NODE_824_length_13977_cov_5.821003_15	LAGGVAVLR	29.3892367274819	31.0179038645688	30.2766411039582	30.9862610605919	26.0870749581175	26.0646182818379
NODE_170675_length_490_cov_1.839080_1	LATHAQK	26.9429076572378	26.4183472894944	24.0689901194361	25.7880812484158	24.4073020002906	21.3188568562627
NODE_8725_length_2842_cov_14.809473_5	LDEPGIR	21.3388473380112	22.779104744476	27.6724286871988	28.9114795831097	27.2738210624241	30.4146789461423
NODE_1791979_length_354_cov_2.157191_1	LDRYHTLK	29.4962134837606	29.1087638367674	27.4723553108518	24.3580986609875	20.4459811902789	23.4158830396994
NODE_552_length_22274_cov_12.172015_2	LELNDLVK	24.718371648075	26.3404502290993	25.2542538803562	26.8161664903142	26.4493954053509	25.6767790053225
NODE_15_length_277354_cov_32.907490_228	LELNELVK	27.8278404181316	27.6659394889871	27.0736756266267	23.420793569728	22.4089683167974	21.2117843457735
NODE_242_length_28573_cov_16.369556_18	LEPLGDSITNYGASSLGGDMVTK	27.2249942351174	26.9741964924815	25.86973671983	23.32342962604	20.8838732066542	22.1829114833894
NODE_69_length_139239_cov_17.311135_41	LESGEKIDIFEDDYSR	22.2128561170732	24.4671247681032	25.8453914641295	27.7411470053249	29.8014338080167	26.7370396737911
NODE_905332_length_281_cov_1.787611_1	LETRDSGK	23.6148720181495	28.3270170187948	24.9136951260494	20.9732923859264	22.1380303140588	21.1927637253521
NODE_125_length_31678_cov_14.865984_18	LETYDQLGGMESK	22.0195831363943	24.6623046762062	21.8413147124142	27.2549386383854	25.4572616302302	25.444459119903
NODE_144294_length_273_cov_0.880734_1	LEYDTENFVVR	26.4541422544935	25.6339767775114	24.389097199071	23.7325727447777	21.456351877595	23.7334057407337
NODE_2999684_length_226_cov_1.631579_1	LFDKDGDGTITTK	21.4510146060863	22.515537646653	25.5653194389745	26.7555726202573	26.4397278006582	27.859778978858
NODE_211_length_36337_cov_21.506670_5	LFDLSAEDFGK	28.2665122000508	28.1767409433979	27.7915381175452	26.9071299755978	22.8231347306022	28.1396321844197
NODE_53_length_133033_cov_15.924378_35	LFEAGASGSSAPEK	30.1441257494884	29.2494220648276	26.7399536199803	24.7805669997242	22.2272989043066	21.8047911063505
NODE_53_length_133033_cov_15.924378_35	LFEAGASGSSAPEKFLEK	28.1534456504012	28.0713756960417	25.5775871802495	21.3054218312647	22.4889614447261	22.9556794511501
NODE_242_length_28573_cov_16.369556_18	LGAQLANPDAK	31.7528642305607	31.3231880913495	29.3539487591125	23.9946643912991	22.4682003178654	21.9089280874312
NODE_1051488_length_501_cov_1.322870_1	LGPVTAR	27.074696642268	26.9323573275182	26.0221891516804	22.4899209191024	27.6008788555266	22.7708729251568
NODE_1544344_length_231_cov_1.619318_1	LGSTTVK	21.8610884026018	24.0460142282617	23.5552211832961	33.1208217424182	31.8674702515918	32.5011868727708
sp|E9Q7P9|CDHR2_MOUSE	LLDINDNPPVVR	26.3630578161646	27.3104269525942	27.5465728109592	28.6060786544893	29.267561782038	29.5436851215491
NODE_241_length_28746_cov_36.825590_3	LLNFNYSEK	31.0313766009943	30.859420589826	29.9937813698569	22.6075626829867	22.6210643708801	21.9287441545969
NODE_1706799_length_303_cov_1.157258_1	LLSPEILK	30.0910615273687	28.9410613117006	26.915816116319	28.3716902480511	27.1727413902279	27.4132065715346
NODE_144_length_58082_cov_15.232978_37	LLYLEEK	28.2414996017196	27.8549554848289	26.6695256755378	23.3960076569634	23.3484142081919	23.0059363121085
NODE_15_length_277354_cov_32.907490_192	LQTGVSTLPDLDKDATDR	26.978256061548	28.626588011681	27.0307585557761	22.6427402711886	22.5638208261094	21.838711091026
NODE_15_length_277354_cov_32.907490_192	LQTGVSTLPDLDKDATDRNR	26.7663556186615	28.9459517606825	28.4969372597551	23.0850549846682	20.0015286082689	21.9847565403836
NODE_75_length_101378_cov_26.619928_17	LQTREDGDFEAAR	27.3103402704035	28.1060448996602	28.6537271686336	22.8129459872877	19.8191132753606	23.3742157432088
NODE_95_length_83977_cov_30.953516_10	LSDAELLYYGDYK	25.1302984381898	25.1797618179057	25.9161123505829	20.1494190940899	21.0444380570453	23.1093911694
NODE_1096167_length_489_cov_1.679724_2	LSLNINR	22.9393550174087	22.946220199411	21.8833241180164	28.3739730266815	26.9895602920834	28.3355605254839
NODE_148109_length_394_cov_1.421829_2	LSMDNDK	26.3537174552044	25.269208309785	27.4471186118221	25.1284116371481	22.5067735205559	25.819654237731
NODE_139441_length_521_cov_1.021459_1	LSRLQGLSCREVSPK	26.7957547139785	26.5354915820147	21.8015915724473	24.0446022346241	25.5330571040663	23.0213548236278
NODE_1656697_length_308_cov_1.517787_1	LSTDPSKGIIGAGFDAGTPQK	29.7267965353529	30.4270039147331	27.0116932238183	24.243580200384	21.506719845678	21.5017795203536
NODE_35_length_67532_cov_15.706908_44	LTDNMSFSDK	23.7610690996145	23.0525057528379	23.2282846201918	27.8405015365687	26.4912133319108	27.8115805817688
NODE_35_length_67532_cov_15.706908_44	LTDNMSFSDKTV	23.3955281651109	22.7944940181931	23.1589549398883	29.2059234249252	27.7378926267142	27.082432836852
NODE_2959812_length_220_cov_2.151515_1	LTDVTMK	30.2275670312356	25.3171496547809	21.0473985213892	30.5640185645809	30.5428700718795	30.5871887314334
NODE_346141_length_227_cov_1.116279_1	LVDGVEGDEKTGVR	26.7457344279321	27.012332810813	27.6871905902811	21.8608255410875	22.1474322847927	23.048781720755
NODE_939751_length_214_cov_1.899371_1	LVGASEFGALSGK	26.336778122655	26.878650236771	26.4043000186932	22.6512977335329	26.1850851772141	25.352960201207
NODE_3_length_629679_cov_503.153587_180	LVSWDGGNMR	28.5557060281443	27.2456306046435	27.2481668934329	19.5728749631862	27.0656868078895	21.4992717107891
NODE_241_length_28746_cov_36.825590_3	LWQEATGIK	26.850074069264	26.177634565031	25.6180971097314	22.5619545002993	21.2619882689347	21.4983878673944
NODE_2765994_length_245_cov_1.010526_1	LYDWVLK	21.9636913192782	24.5004976816351	21.1924138359879	29.5720846633409	28.3574474353768	26.1276837732634
NODE_594337_length_242_cov_1.026738_1	M+15995ALVSVYK	27.3569943039149	27.8650231812391	27.4718128714584	22.9759828653639	22.5777989245111	22.8521052686481
NODE_125_length_31678_cov_14.865984_18	M+15995DSKESDVELFEYTTK	23.0484201526181	24.2251822093108	21.8089439056448	26.1370979316515	24.1108407430257	23.2511865035243
NODE_488812_length_256_cov_1.189055_1	M+15995EQNTFSYVSSPK	27.379643565766	28.2316007494253	27.9685114141224	27.3847568788724	27.2389970945164	22.3394150994954
NODE_1648180_length_358_cov_1.584158_2	M+15995ETNVTIKDLR	25.0339747528966	26.7313488140661	24.8085765625382	23.3025647535148	23.2907656496446	20.6371022279347
NODE_362_length_12530_cov_15.571062_6	M+15995FM+15995GQLGNAEAIAR	22.9498600924726	23.9644548506476	21.8586018867046	26.0242622936836	25.101012592252	26.3781391136621
NODE_362_length_12530_cov_15.571062_6	M+15995FMGQLGNAEAIAR	22.2939640642839	23.0735654680658	23.6926123319206	29.0966891196927	28.750395702017	28.1893728160154
NODE_110654_length_1082_cov_1.540409_1	M+15995FYKYMTK	23.8836225165359	25.1145786060864	28.4190468793814	23.0558432685987	23.5216218764546	22.4147639823737
NODE_362_length_12530_cov_15.571062_6	M+15995GQLGNAEAIAR	24.2527673802774	23.0169473508498	25.1312283979109	26.4908462261498	25.2788444469088	26.8277193003007
NODE_187_length_41794_cov_24.545653_18	M+15995LVTPVGPYFK	21.778534827432	22.9088088426482	22.2364229998755	26.2605127147739	26.8958516703929	26.3400596621031
NODE_458458_length_362_cov_1.563518_1	M+15995MDQYSPK	24.3165163262851	24.1253403127209	25.1102832104996	23.018665736426	21.2714394935536	22.5910749213699
NODE_337615_length_630_cov_1.290435_1	M+15995QDIWYVIPM+15995K	26.2769649447154	25.6577731021926	24.5656971268492	22.7946015965569	22.085527377353	23.6528019996184
NODE_1157523_length_473_cov_3.181818_1	M+15995SIDISQVTK	22.5771858902903	27.9440813753019	27.9342148388007	30.460022680089	29.2583575618161	28.0835491204831
NODE_349730_length_285_cov_1.130435_1	M+15995YNNKM+15995TFYWRR	26.0637546634472	27.3086489258665	24.4809297022485	23.7085544363276	22.1980906612261	26.2914059622873
NODE_1581841_length_368_cov_1.840256_1	MCACLYVHHM+15995HASSTEAKK	28.275509308592	27.6751239288232	25.6863224824287	21.916819465694	22.9882612770585	23.9241866889686
NODE_2007100_length_271_cov_1.763889_1	MDTDDKNVR	26.4233896054078	25.4451793239565	22.0759354066014	24.9835496417351	24.9466825061066	24.0902287446707
NODE_786077_length_449_cov_1.949239_1	MDTDDKTVR	25.4528659131103	27.6538979684776	23.4798473214471	26.0947895238686	26.8222584470094	26.7351830971552
NODE_362_length_12530_cov_15.571062_6	MFMGQLGNAEAIAR	23.7836581690259	22.8710885838532	23.5405266060821	27.0319155306823	26.3494885771361	26.5263111769683
NODE_187728_length_938_cov_2.772367_1	MGVQQSR	21.5896709437436	23.2258478374229	21.0443382764457	25.3294057503027	24.0824531406292	25.1017339999048
NODE_1196675_length_464_cov_2.200489_1	MLENGPVK	27.7660712223585	28.1586068377835	27.0697891637947	21.9055472998813	24.1119235562982	22.0458767484886
NODE_242_length_28573_cov_16.369556_18	MLSEMYASATR	24.9682037704405	24.4499778131938	23.5423867254336	22.8122197514687	22.0313331184493	23.4123370379045
NODE_187_length_41794_cov_24.545653_18	MLVTPVGPYFK	28.3389638120345	28.4469924559375	28.8764855648787	22.7891564399128	22.9892601994671	28.754872112819
NODE_458458_length_362_cov_1.563518_1	MM+15995DQYSPK	24.3165163262851	24.1253403127209	25.1102832104996	23.5878757785292	21.9821690756632	23.1097235638651
NODE_37_length_172616_cov_483.367203_54	MQTIDKFNFAGK	27.6729007181122	25.0119704129966	24.6520112166081	25.6005314518628	22.4708133335657	21.8478238576383
NODE_798729_length_579_cov_3.708015_1	MQWPM+15995WFGDNVPK	22.7637830371838	21.8043287080596	20.7748909973715	27.8699719929944	27.4333142148095	25.8876019822607
NODE_75_length_101378_cov_26.619928_17	MTEWEHDSYIK	27.1598100663573	26.3872738823702	27.7518113663909	23.2485390894846	21.0341221360562	23.5464608894347
NODE_2709186_length_240_cov_1.037838_1	MTQEGNIWIVEEER	22.8593370614485	24.0564579593884	22.4203766181162	28.5315929557847	28.176503184858	27.5043824639565
NODE_15_length_277354_cov_32.907490_228	MTTAEIIEVIK	26.6998852453732	26.1659932465926	26.9138776994539	22.1492878041017	21.5408889169797	21.6956136404482
NODE_12_length_417279_cov_36.723393_87	MTVEPGFGGQK	28.6708766401846	27.2632916975991	26.936856263232	22.2271703449243	22.721477174959	21.9719440947976
NODE_241_length_28746_cov_36.825590_3	MYVDAETGK	27.6774781418281	26.5919210789951	27.1587512782089	24.784636330177	22.0442437950617	22.3855476910544
NODE_26_length_78125_cov_16.771538_10	NAEHTEWTMNSEAGVK	21.4197221875673	23.3943992145533	26.5894705293638	29.6011542779613	28.2431216362263	27.7780744216875
sp|Q9CQ52|CEL3B_MOUSE	NAGDLFVHPK	21.7871864409233	28.0494713584182	28.3450272573322	30.0208645539602	30.5413844648126	30.1166194876981
NODE_241_length_28746_cov_36.825590_3	NAMYVDAETGK	25.7731140478954	26.6720914276791	26.2851741606623	21.6077209870692	22.0741432742814	20.6433524580551
NODE_241_length_28746_cov_36.825590_3	NAMYVDAETGKVK	24.8126947691418	26.2699198847562	26.970827621548	21.4810097503259	22.2404259753848	22.9438888583291
NODE_102_length_38513_cov_17.481356_19	NANNESFTK	22.394854189318	22.5670832542454	22.3777652469153	32.2749486301357	30.077882666797	30.7297973356316
NODE_362_length_12530_cov_15.571062_6	NAQGYNLGGDSVTIPVFGVDATDAAK	21.3489873328882	23.7343485007215	22.5248072107357	27.8846155015387	27.3831918208653	27.0427825029898
NODE_26_length_78125_cov_16.771538_10	NDDRTWTTENFEK	23.537844071326	24.596728442848	24.114253838753	32.0376063517179	31.861640576478	29.3591328416649
NODE_52_length_58598_cov_16.124746_45	NDLGNAAPFTTFGDDEKPSDPLAK	21.1098796123493	23.8580295299826	23.6734944409831	30.4016172953355	29.0548622918343	28.194509046642
NODE_75_length_101378_cov_26.619928_17	NDMPVDEVQTLLADGTLK	25.9128960956318	27.0141434356637	26.669255330734	23.0947164763998	21.4626761088635	21.2035962711719
NODE_75_length_101378_cov_26.619928_17	NEEYDSLIAGAVTETDLAK	25.3961061515102	26.245195364222	25.9790742405757	22.7075391691569	22.1147412191375	21.4210163265652
NODE_2029857_length_306_cov_2.294821_1	NELNSIIK	25.5548209144519	26.277372969286	25.5232479862599	27.5308119647014	30.0640618726798	26.4007545124456
NODE_7736_length_3176_cov_3.322333_1	NFASGQIK	26.2253804471505	24.5066009912082	21.5574020891574	30.1178066400354	26.8569746524655	26.4609522692846
NODE_8463_length_1634_cov_2.790374_2	NFEDIDIDAFK	28.6324937281546	24.998217502989	24.3011048478536	24.4342174149346	22.4581978246134	21.7341249359376
NODE_254237_length_691_cov_1.176101_1	NFIGPSK	21.6093710962258	21.8190559967761	22.6494547939091	25.7438614141974	24.9113195668639	26.1231509590405
NODE_2_length_633876_cov_395.559562_267	NGVLFPQKIDGK	27.5978280841836	26.2981355837763	30.0763606248365	26.436236627076	26.9738079673498	24.8902720711306
NODE_100_length_80732_cov_39.012519_68	NIDQELLK	27.7795028575479	27.7637623784501	28.277816343407	23.2781211865558	24.2405053374096	22.8346081898401
NODE_1010_length_28714_cov_50.468021_16	NINFLVGK	27.4986880572758	26.6741138031902	25.8580424805802	25.3181726135266	25.3770966501033	25.9840714120992
NODE_459269_length_207_cov_1.138158_1	NIVPNSTGAAK	26.7172498887989	31.7185784502415	31.0222430672958	24.2837621070692	30.1440649545181	22.9467644777723
NODE_125_length_31678_cov_14.865984_18	NKEGVWEFMK	21.2232045377647	21.7207380758067	22.5788645386179	27.5817586928209	26.1768360358437	25.9002353625194
NODE_130_length_64212_cov_533.077716_22	NLDKESEPDIWNAIKR	26.226262829466	25.4530590852381	23.8047911850015	23.0224140079235	22.6171441599919	22.5321293815038
NODE_92_length_86032_cov_31.048373_59	NLEAGLYQIVSPK	25.889576002489	29.9972539639942	28.641927319357	23.457437439259	22.3839204070093	23.2394898633995
NODE_48_length_142924_cov_15.577501_98	NLLTAFAGESQAR	25.9620039730349	27.6973022029481	24.7936231525496	21.5575296758582	21.8487260367215	21.7248679189204
NODE_5_length_528796_cov_554.483134_310	NLLTSFAGESQAR	27.7491833004571	25.8534570996768	26.7402110372422	23.4370133302939	23.1128239483904	22.0824578704933
NODE_25910_length_1502_cov_1.716655_1	NSDFNPK	30.5378812392822	30.7414974350456	28.3085187402737	24.2789085375844	27.745862627607	22.6064840801034
NODE_28_length_74638_cov_15.378183_53	NSEYDAAMDTSR	23.2898879174913	22.2101677170048	23.2103701798913	27.0587891198122	26.1949410671896	25.8514449142553
NODE_26_length_78125_cov_16.771538_13	NSSMPVQDIQMFRDEGVIV	23.2866708178219	22.4572016994174	24.1505632026039	25.7736674407065	24.1187028607987	24.1976804455206
NODE_4_length_617060_cov_345.550545_115	NTDYEDIR	22.9480393900444	22.5698875413416	22.2530713702047	27.6099926519171	26.1560912566708	26.8240810291033
NODE_31158_length_1444_cov_2.221022_1	NTGGFDILGSGR	23.76899217765	29.6227013869905	28.1872581245448	29.5391393122121	29.2158837334442	28.5210324622803
NODE_33856_length_868_cov_1.458795_1	NVLVDGK	27.1854633162742	29.3673429922073	27.7895495644517	23.5648761120279	22.0247871474794	21.1734978586755
NODE_8596_length_1984_cov_3.481597_2	PCNNISYK	25.5690628945305	26.6215665407436	26.7423972315096	23.1208654071204	21.8150278371697	22.5993024879537
NODE_117765_length_1064_cov_3.125867_1	QGQEVGKAK	29.283700298158	29.0903549547715	25.426048184293	22.600001522648	22.0727388011023	22.8163751646686
NODE_393508_length_275_cov_1.950000_1	QKMWYNYTMELIK	25.4133195740499	25.4951538304547	24.2898944953697	22.9584113050579	25.4719988736557	23.8853848242117
NODE_342_length_13143_cov_16.726925_2	QLPTASTQWGEGFQEEDYKALVK	20.9933160196994	24.6105392199134	20.9390645667091	26.0000244213297	25.1837419825262	24.7156537120589
NODE_309934_length_220_cov_1.418182_1	QMGYADGLLGGATYSTADTVRPA	24.0213632963882	26.8025805068687	25.438950952043	22.6380501968592	22.936466027817	21.7777611385387
NODE_1751628_length_343_cov_1.406250_1	QNLDSLLK	26.5687440636931	26.6066011347381	31.4125331654552	21.4771755686628	25.3549114260257	28.2647239196348
NODE_2256013_length_252_cov_1.512690_1	QSEFQDSQDYTEKPCLTTPPPK	26.6274232268959	25.9581252086633	26.2807568964281	23.3740226114578	21.4777855636535	23.7706590246799
NODE_1884746_length_282_cov_1.691630_1	QTTTRPGK	21.6541241167445	29.0466382371961	22.9031683289305	29.9532426121825	30.114955830573	27.0971790780869
NODE_652238_length_487_cov_2.650463_1	QTWCYRSR	26.1502528826863	24.8429725421234	23.1115579479412	26.2709910436708	26.0540549349053	26.0873178020021
NODE_559800_length_682_cov_2.381180_1	QVHTETER	23.381400694536	24.2376600603616	22.4420426687194	24.5788830788713	22.1412714606235	24.0221679818081
NODE_342_length_13143_cov_16.726925_2	QWGEGFQEEDYKALVK	23.1906280684448	22.4810603311676	22.480354417991	28.9325826078187	27.8927867193587	25.5054277909001
NODE_211_length_36337_cov_21.506670_5	QYFGENNEQLLAK	26.3332331643622	28.0342267006879	27.5610709088161	26.1811466443838	26.2598126431345	27.6191892014091
NODE_93_length_85626_cov_14.768800_80	QYNFAASSPVAAEREVLEQQLAEGK	27.1259619960841	27.8673229551456	25.8700190430235	20.8544655032756	21.8136381134027	21.2291629327224
NODE_812_length_33822_cov_6.741434_37	QYQRFEANDAK	28.4514799693691	27.1534456504012	25.62377256094	22.4154659472041	22.2865412423224	22.5483417064372
NODE_3717_length_6643_cov_4.671372_6	RADGGSFR	22.5831552866331	23.3527576596139	22.6527838265616	30.4825077012234	28.493696489395	29.8322089952597
NODE_242_length_28573_cov_16.369556_18	RDDEALQSLDAVK	29.8040125999198	29.7180342463976	27.6170182077581	24.1202010459191	21.940657100848	20.5586493335915
NODE_936124_length_155_cov_5.360000_1	REDFPTGGTTNPYGTSK	25.702899564762	26.7259844356743	25.5327004941711	22.5650602330943	22.6161363532616	22.7407648641435
NODE_1411020_length_240_cov_1.037838_1	RFDVDGK	24.2395798838764	27.0583865950898	28.7997429229766	22.9165118843802	27.6286299545922	24.8128905813019
NODE_222718_length_336_cov_0.889680_1	RFIADHDLK	28.1692087643596	27.446716451474	27.3095598962301	21.2978937043035	21.8669301585282	23.0180098311176
NODE_2876286_length_211_cov_3.282051_1	RGVDIIK	29.8968622542657	29.7119442916495	27.8996017046023	23.0294848218365	28.8498951673263	22.0995734178192
NODE_269018_length_679_cov_1.200321_1	RGVDLIK	29.8968622542657	29.7119442916495	27.8996017046023	21.8797284276278	28.8498951673263	22.4419624473218
NODE_75273_length_464_cov_1.545232_2	RGVDLLK	29.8968622542657	29.7119442916495	27.8996017046023	22.4815472799351	28.8498951673263	20.6591105009268
NODE_2272611_length_251_cov_1.224490_1	RLETSPEDITGMK	27.6839157616911	27.7225360457687	26.5914931277266	22.3126076588998	20.6336664565101	23.6918713120789
NODE_304690_length_652_cov_1.197655_1	RLSSTGNRRR	28.7753483269114	28.5878057091385	29.392526096349	28.3882515323666	28.8607973839132	30.8103858539384
NODE_1253700_length_427_cov_1.387097_1	RSM+15995DMTPR	25.5763477885871	20.7657645263737	22.5403582925718	23.467870188648	24.6107108275102	26.0074434362993
NODE_624254_length_650_cov_2.759664_1	RSPRSM+15995DGK	25.8015386516786	23.0861275956377	21.1708656363844	27.4533260285344	27.5103563650011	28.7986619401609
NODE_3085729_length_118_cov_25.968254_1	RSRRQEIIKLRAEM+15995K	22.0856653515014	22.2401805043957	23.9584362067365	29.5066161193896	29.9722692560387	28.0842590333501
NODE_2278495_length_250_cov_2.461538_1	RYGM+15995HDK	28.1916883437605	26.5032984631865	28.7007121658508	31.4046147084187	30.2555240289558	28.931314948295
NODE_21_length_86002_cov_17.429323_33	SAADTAGWDSVLKDAQDAGIR	24.2664241067814	22.6269103479625	23.1225343436751	27.3580849349401	26.1207605752878	28.0522375922477
NODE_53_length_133033_cov_15.924378_30	SAEDEMAFLR	28.5571313092905	27.5264156589772	24.455193249889	21.8253774752187	22.2716086023024	21.8833690406024
NODE_62_length_55487_cov_16.392625_32	SAGGGYTFEIIVK	21.7783327442462	22.7851858373786	22.6803084502803	27.7345372203298	27.2239822371517	27.047496558515
NODE_12_length_417279_cov_36.723393_34	SANPDKAALYDR	27.4069047992295	28.3043226486266	26.5131985057209	20.5798563967778	26.3617116401659	22.7362311065029
NODE_1126875_length_260_cov_1.873171_1	SAYPLTK	22.7631501528142	23.4283391200888	21.9711334199489	27.6416173031112	25.9091690561052	27.6320776461365
NODE_22532_length_851_cov_2.295226_1	SDEDFQIVAK	25.9973993434978	26.6519838542305	26.5321802800148	20.6547303179184	21.8238975638688	21.6803628918307
NODE_53_length_133033_cov_15.924378_30	SEDAYASVEDNPYFLGVTGPGSEIER	24.9632615024728	25.6365235084865	24.3081367947499	23.6638320480466	21.8505605824128	20.6806509219845
NODE_102_length_38513_cov_17.481356_19	SEGIWESEDAR	22.8051070522455	22.3508461733364	21.2299660043187	27.2974972676224	24.516651289623	26.1550200809941
NODE_69_length_139239_cov_17.311135_41	SELAVNGGWSENENVAK	24.2270072065416	20.6873692893878	22.3455540812239	26.3747607842565	26.7343757059334	24.733968609439
NODE_53_length_133033_cov_15.924378_30	SEMDGDSYILFTGGAAIGNEMHR	25.1511630576452	24.6973684926093	24.3340861134126	24.8173869413141	21.8304583797778	22.7026049822901
NODE_24_length_224501_cov_34.530658_29	SETLDAIELATK	29.3229625435461	30.0757169358331	27.5784512419888	22.4773382793399	27.1990107314986	22.0895692486708
NODE_1959136_length_315_cov_1.846154_1	SFDNYTVGK	30.3562597608371	29.8152352021791	27.4493954053509	28.6905246069269	22.1924635688437	22.0700125487119
NODE_155_length_52976_cov_14.611837_4	SFVDPNAPEFVPAGNMPGR	26.9283583852838	26.7864369525844	24.426048184293	24.0292794731119	21.4964145379332	22.4967424277288
NODE_96_length_40397_cov_17.936493_23	SGDYEPTKFYDDDGNEIEVNTGK	21.4950105612626	22.2805648630547	23.2052636719462	25.3733508088248	24.0877224509939	25.6341984109314
NODE_202_length_38951_cov_23.099753_19	SGIFDGLK	26.8415816227455	26.2752961654259	25.2455036730837	21.8549396574473	21.7293944245868	22.1976497991645
NODE_833370_length_291_cov_2.033898_1	SIDITPLGR	24.904582807398	26.7085936925849	25.0457689916961	22.4092766195223	22.1575207760694	21.9636798161055
NODE_125_length_31678_cov_14.865984_18	SIIIDESQSYFDGQK	22.8083078826338	23.4199163022981	21.4168916057962	26.5041399610863	25.6497931808805	25.7079621204066
NODE_92_length_86032_cov_31.048373_59	SKTDAFIWDPK	26.525654259593	27.6730355557253	26.6643600948687	23.7320444710393	22.6158915911909	21.9160530275885
NODE_140_length_58729_cov_15.400382_47	SLIVQPDVSK	27.4226199456883	26.8942332623247	23.9237025097561	21.0201225581331	22.3392749340051	23.0753423037789
tr|A0A571BDS5|A0A571BDS5_MOUSE	SLKFDGLR	22.4706999432764	24.8281919099139	22.1384854284931	27.1182077800334	24.8354263197436	26.7677451941334
NODE_1838901_length_288_cov_1.236052_1	SLLDMVK	23.1898541306043	23.6661143283183	23.602357196147	24.9339110460184	26.2074695722637	24.5569559660399
NODE_10033_length_2487_cov_4.811266_2	SMDLFAGFSK	22.7773154328199	22.3445470829542	21.8116673131619	24.2958608394595	24.9458792237691	24.9679400236316
NODE_7_length_153665_cov_15.420917_105	SNGSENLFTR	24.5730899044766	24.9338260671496	21.8324154397458	25.9170917692575	25.1464316341843	24.1176729019131
NODE_241_length_28746_cov_36.825590_3	SNYLTYPVDSSEATQTLR	27.5473820945139	27.8875380717718	27.7580323145413	23.6504841337964	22.2024500440695	22.7946993567225
NODE_12_length_417279_cov_36.723393_147	SPFSIDQNVWGR	26.8175089296489	27.778813876466	26.1082104869811	23.9140010950774	23.6888052164741	22.659862827155
NODE_130_length_64212_cov_533.077716_22	SSAIFFGLSGTGK	27.4041375713289	25.7262183672545	23.0762023422093	22.3568602647772	21.2159612579283	22.3297284903432
NODE_211_length_36337_cov_21.506670_5	STGATHVILGHSER	27.9656318311856	28.4640245025465	28.8475544787426	27.7948256412571	28.2907642216685	29.4398434994542
NODE_211_length_36337_cov_21.506670_5	STGATHVILGHSERR	26.1000300962688	26.5192335904252	26.1873619661514	27.5245487689927	28.0062559580644	27.3710171767634
NODE_26_length_78125_cov_16.771538_10	STGFFPVR	21.9507944870125	20.389566286388	21.3273272163328	34.5663229086706	32.8728546482678	31.6688581699357
NODE_96_length_40397_cov_17.936493_23	STLTNEWIEGDLKDARPI	22.8741972485237	24.8109855346411	21.6133051343341	27.4544207644001	27.3280800218141	27.6439064078348
NODE_155_length_52976_cov_14.611837_11	STNGDTGFDQVFEK	26.5401560692873	26.4316854344455	25.3464820816703	23.0698294832539	22.0336720693608	22.9197485273405
NODE_21_length_231770_cov_67.560775_179	STPSDVAR	22.7229297110527	29.1632697683532	27.8537069386316	26.6233818664956	27.4907544351119	25.7654453530816
NODE_26_length_78125_cov_16.771538_10	SVASTGFFPVR	22.3001368040868	21.9721092298851	20.5815368690316	26.8532905163338	25.3115360248947	24.3762356361661
NODE_52_length_58598_cov_16.124746_45	SVDEINTFAK	20.0568313377019	25.2206713361554	21.1572798184353	32.3379064624179	31.1742365685394	30.4463138506188
NODE_92_length_86032_cov_31.048373_59	SVDTSILPDRKEDGSIDMHGLFELGEGAPSK	25.4762857721423	27.043236347184	26.0652142882025	21.2971516747565	22.9489824338301	23.0574094708476
NODE_53_length_133033_cov_15.924378_30	SVEDNPYFLGVTGPGSEIER	26.954102837562	25.7608219558394	29.0322834645685	20.6343539545627	22.5335489418418	22.1384122574059
sp|E9Q7P9|CDHR2_MOUSE	SVIDEPDLDPR	21.3302627463755	22.6147294356399	22.9645537553946	28.8419114878557	28.1842813024758	29.1646968792212
NODE_8517_length_4155_cov_2.485366_2	SVIEEIGIDASGLVMDPEVR	26.1984113178218	28.5245637137026	24.4574307301837	25.4146426590783	23.3776924357987	21.4904729061734
NODE_125_length_31678_cov_14.865984_18	SVQQYQLYENK	21.5549850321466	24.2139089578061	22.429290915627	27.3767489947912	25.0112453441518	24.6462536984939
NODE_528805_length_699_cov_2.231366_1	SVYGNEASVGK	28.2155829140622	26.4211917809028	25.8557397326034	23.6316865492601	25.6409970706925	21.3384123926893
NODE_242_length_28573_cov_16.369556_18	SWGSIFGEK	27.5037003207108	27.3225113421267	25.9306214899092	22.2819797052059	22.7822026071769	22.3225781877436
NODE_3677_length_9021_cov_5.298349_9	SWGSLFGEK	27.5037003207108	27.3225113421267	25.9306214899092	21.5738949074968	21.7466805628523	21.6175745835575
NODE_145109_length_332_cov_1.574007_1	SYDLYSR	26.8273558857875	27.7666083683189	27.1770262019338	26.9682916753297	21.0508108131694	25.5323735243136
NODE_155_length_52976_cov_14.611837_11	SYDPSDVTMEK	30.1164625035436	29.3126788634232	26.7448367110903	24.2207273311402	22.817859515421	22.1334172827501
NODE_241_length_28746_cov_36.825590_3	SYTGGPAAAAK	25.5921207461521	26.8136001776763	25.920139653589	22.1801281437344	21.5742784227654	21.6561226930017
NODE_2051856_length_304_cov_1.140562_1	TAAENDFVTIK	26.7188181777921	27.4085982223372	25.7505980247627	23.0940663925603	24.7481682758591	25.7640282418436
NODE_2051856_length_304_cov_1.140562_1	TAAENDFVTIKK	27.0232409031468	28.7727240300047	29.1943798849465	27.1969492027704	25.7709487460314	24.4618890640022
NODE_2021959_length_323_cov_0.694030_1	TAETYSEVVEGMQIDR	23.6280075899799	27.5762504656738	25.3794452662549	22.4019607355736	21.8752222283619	21.4502656801152
NODE_58_length_125887_cov_31.064507_47	TALEAGVDKLANTVR	26.0138879557549	27.327633844375	26.7076396488322	22.3408371651938	21.0107113568073	23.5271749381287
NODE_12_length_417279_cov_36.723393_192	TALEDGYR	28.5784872333331	28.5110730821663	25.9814606711752	22.5971682738834	22.0713731112668	22.2556473051885
NODE_47_length_142990_cov_39.043264_35	TAPLSDEELASGKLDLR	29.3045641841666	29.6672092062993	27.3240577312902	25.4087277805108	22.7740264711341	21.2427564747193
NODE_211_length_36337_cov_21.506670_5	TATAEQAQDMHAHIR	27.8472089726681	27.7213956139581	28.8803154075525	27.3315086675963	28.2590763039114	28.5786071978765
NODE_92_length_86032_cov_31.048373_59	TDAFIWDPKENIK	25.653105286384	27.8733791492819	27.0244102613219	22.4320483945161	22.2222044227747	22.4476254290199
NODE_40_length_155359_cov_14.257051_66	TDGVEGSPFK	29.4978414694286	30.3158126915673	27.6591487254919	21.8816538768174	23.4764342227291	21.9193151043201
sp|Q3TTY5|K22E_MOUSE	TDTNVILSM+15995DNNR	24.5630803351106	25.8760522404729	27.115551247437	24.0247452578954	21.4264879876072	21.4411942203871
sp|Q3TTY5|K22E_MOUSE	TDTNVILSMDNNR	24.7271796876541	26.0557726139806	28.4060451736077	22.8083131048331	21.1107164220595	26.110542091682
NODE_102_length_38513_cov_17.481356_19	TDVMDMTVPGEDVK	22.7882771215307	22.1243449516069	22.2390520219099	30.9362455124824	29.407342524863	29.2999658969734
NODE_102_length_38513_cov_17.481356_19	TDVMDMTVPGEDVKVK	21.766961455665	24.0140666410217	22.0958939551201	28.7712935864608	28.7263743005708	26.7841917065203
NODE_102_length_38513_cov_17.481356_19	TDVMDMTVPGEDVKVKDK	23.1741543927437	22.042861629751	21.2079133666148	28.9648125994984	27.8197334068078	27.1253403127209
sp|P01592|IGJ_MOUSE	TEDPNEDIVER	26.1512404928361	24.0673496677944	24.8256102206958	26.0224008333195	26.2416359773478	25.6226280854347
NODE_853936_length_214_cov_1.012579_1	TEEGYETFVVPDDVGGR	24.1811656053832	25.0393401192187	24.361117585567	22.2649901761925	23.9422589080904	24.6701742964505
NODE_125_length_31678_cov_14.865984_18	TENVTIRK	23.5816880049666	24.9120239437484	23.3159080536495	27.9845169415679	25.6775453486406	28.0403020971904
NODE_1635681_length_311_cov_0.882812_1	TFELLVK	21.7788853824856	23.1709010735775	22.4891576376208	28.0129188499079	26.2564691584014	28.2518275829468
NODE_342_length_13143_cov_16.726925_2	TGGKVIGVDSDQAPVIDQTQEGLTITSAMK	23.3238488373339	24.659856942597	21.9500730832308	24.1815068607659	24.9175698484593	23.4564659681681
NODE_185540_length_760_cov_2.272340_1	TGIEAAR	25.5632840336695	26.6228235479743	23.6491079127153	22.6247703555843	21.8835874840256	22.0641729799119
NODE_53_length_133033_cov_15.924378_35	TGLAHMNMSEGK	29.3070750627604	28.8953172185181	26.5805875719979	23.3138149129281	21.4139368953076	22.7434258383536
NODE_24_length_224501_cov_34.530658_50	TGSIVVESSHTWDDDEWMSKR	26.6469128646831	26.7717800019816	25.6796808941525	27.0190314105745	23.2932903961266	22.0872887589362
NODE_1296652_length_356_cov_1.578073_1	TIHMTPEDTSEVNPYVDEILPQNENAIR	26.8566185340515	26.4087115863754	26.8060028490133	22.880908298602	21.695317663299	22.4390397579761
NODE_12302_length_734_cov_1.755523_1	TIINDKFYNR	22.5550320659627	23.803246248284	23.6934920621348	26.0249385933211	26.9421246476984	25.6420444192704
NODE_512822_length_349_cov_1.571429_2	TIQELKMEIETM+15995K	26.8228662302433	26.4188941243343	26.2140454420723	22.6591201168646	22.0552273436017	22.950638967636
NODE_64804_length_490_cov_2.025287_1	TIVESVINSGK	26.6327017241721	27.115253569722	27.2319668924489	21.6597972127259	22.8912578116294	21.732419221134
NODE_101703_length_374_cov_1.902821_1	TLDEAAR	28.977273633835	28.5063891258861	27.0313897480164	22.8414919632939	27.5682294380316	22.2011431366774
NODE_2230561_length_254_cov_0.964824_1	TLDTLSANQKIDTIWEETEKR	24.2004520508547	24.9466378910418	25.6202524961595	22.672854885524	21.6009535648221	21.6031443754859
NODE_53_length_133033_cov_15.924378_35	TLDYGYENLTDPDPYDPEEAKK	29.2567773167506	28.7507896728743	26.3730852475087	21.6871987218749	23.1036711684252	21.5603755598061
NODE_70_length_110019_cov_15.608617_28	TLGEVDLDDEPLLYDYDLK	26.8914835894346	27.5506513891857	23.1586626897961	23.7227145049248	22.9337645740073	22.36406370618
sp|E9Q7P9|CDHR2_MOUSE	TLLDINDNPPVVR	25.552712010555	25.8865325614969	27.104496058928	27.7548084134552	28.0234799268161	29.3204705798475
NODE_603540_length_503_cov_3.180804_2	TLLVGGK	28.2674948102525	27.5099790023768	28.5112993399493	26.0141647236141	23.4954849302586	22.0854194267686
NODE_10682_length_3411_cov_4.659714_2	TLVESLTSPER	22.9632368276506	24.5216990082155	23.1790767345783	26.9856573046971	25.4360618464326	25.8957361300059
NODE_1975501_length_274_cov_1.095890_1	TMDEFHER	27.0018505498409	26.9227502507327	24.5204930361978	22.7925114509051	24.9818090430551	22.6945531523768
NODE_26_length_78125_cov_16.771538_10	TMNSEAGVK	22.2496780503718	21.5511286213393	21.876841324463	27.444585497499	24.9905776693646	26.1764366054446
NODE_592973_length_665_cov_2.459016_1	TPQPLTK	25.3057386453927	27.6274232268959	26.5778752583337	21.5225771195605	22.5612168654675	22.6424311252184
NODE_362_length_12530_cov_15.571062_6	TQFGVEDANAVLTAGGKPELV	21.95409876843	22.3555913913125	26.4636828887183	28.9910412039204	28.3211239090862	29.2162639101806
NODE_342_length_13143_cov_16.726925_2	TQWGEGFQEEDYKALVK	22.6187554540726	21.3575314090806	23.7358859614004	27.8826201026128	27.3086923184537	26.0461438204497
NODE_633641_length_324_cov_2.122677_1	TSFECILDHVNK	21.9730308155469	22.7983117209349	20.2976107169254	31.688249975591	30.5979701236679	29.052221178076
NODE_746323_length_305_cov_1.152000_1	TSIFPPVDSVCR	26.3147890026898	25.3701275762478	25.4586701912568	27.0067802806724	26.0396747930103	26.9009263084334
NODE_246086_length_234_cov_0.905028_1	TTENFEK	22.0099903904548	20.8975643899027	23.3671625628618	30.4576765160686	28.4818151337166	29.0448679631811
NODE_52_length_58598_cov_16.124746_45	TTFGDDEKPSDPLAK	21.3296371077299	23.9418066855245	22.7088879287686	31.3457252485983	29.7018525383113	31.1335699180885
NODE_721075_length_609_cov_1.658845_1	TTPRPRRPGARR	24.2319119769189	22.1377292998731	24.5374184365192	26.6944488622412	25.2248286840196	26.5385733151529
NODE_19_length_93630_cov_16.507133_74	TVENPDWKIDNELIAR	23.6790175695081	21.9197238802054	21.8348740975846	29.0118264944936	26.9252117991368	27.3553147984389
NODE_342_length_13143_cov_16.726925_2	TVLTDIKDGK	22.4307425299725	22.0049550669134	22.680015686424	31.6709905699746	30.0750984689863	30.8542087165189
NODE_342_length_13143_cov_16.726925_2	TVLTDIKDGKWSDYAGK	23.1387084930304	23.8280412218302	23.6176458093096	27.038340865287	25.3492692135809	24.9355754953545
NODE_26_length_78125_cov_16.771538_10	TWTTENFEK	20.8118730606127	23.481410697854	21.2433412822932	28.5865983318475	25.971408833856	26.7220799812184
NODE_125_length_31678_cov_14.865984_18	TYDQNGPSDVEKIR	23.3572844547289	23.6771165673572	21.0664564799227	28.204175028404	27.3158774575676	25.3271112731057
NODE_241_length_28746_cov_36.825590_3	TYGEDFDVR	30.4335052470054	30.0395702157901	29.9401372520755	21.8185757398523	22.7279321727171	22.429944299216
NODE_220_length_34293_cov_52.307728_11	TYIRPQDIPEFEELDDADRATVR	25.0638163676226	25.9451648193518	24.205979338642	24.6093465710717	23.4658454860678	21.4877686213588
sp|Q9CQ52|CEL3B_MOUSE	TYQVVLGEHER	29.3950306151885	27.9564450442209	28.8977077133204	29.0163397600918	24.9782778856783	29.246887983635
NODE_102_length_38513_cov_17.481356_19	VAAFEGGYGADM+15995WTEVAK	21.7360327967565	23.6063007398733	24.3607158325594	26.4869399475386	24.7712762676745	25.2093673903345
NODE_102_length_38513_cov_17.481356_19	VAAFEGGYGADMWTEVAK	22.0385920314681	23.3934326697718	22.873169317869	28.0327773996536	27.5730423462499	27.2975409969176
NODE_255212_length_245_cov_1.010526_1	VADIKGIEDALAAANPDWSVR	25.8444339602095	24.4124153059968	24.3661967969609	23.306722354243	21.5070289207097	22.0716143898402
NODE_124_length_66347_cov_34.362910_16	VADILAK	27.0829403455781	28.5513850437774	28.7558272659275	22.4399082084059	22.6308896303756	23.2581182799526
NODE_2792538_length_217_cov_1.185185_1	VAEDIAR	28.3480283380007	22.7934117546665	23.5660797483914	28.3846745497121	27.2083443672167	28.2690120745017
sp|Q8K0C9|GMDS_MOUSE	VAFDELVR	28.320059497671	28.3532126633724	27.5016519536271	27.8616553649322	24.3864249599003	27.4231010311285
NODE_7567_length_990_cov_2.365775_1	VAIDNFR	27.4915612313594	31.8941525353479	31.2506761451492	22.9463347043447	29.4207140732904	20.8218100926122
NODE_678356_length_232_cov_1.209040_1	VAVPAVK	27.7500548834846	28.3992760010527	26.508105823417	22.7253539288666	22.4737019809696	21.8873416257813
NODE_37_length_172616_cov_483.367203_54	VDFNVPLDENFNITDDTR	27.71250196906	26.4673182851953	24.6587811130448	23.0049261065014	21.6625117318024	21.063397139655
NODE_111_length_69898_cov_49.514268_29	VDVEGPTR	28.8666451977275	29.9767821689892	28.5803216023137	22.047116703614	27.8506702488836	23.2180903628758
NODE_111186_length_404_cov_3.134670_2	VEDYAIGFAK	27.0831432990906	28.067585597546	27.9958263130442	23.5715026374645	22.3177546200686	23.3990199326266
NODE_1031385_length_268_cov_1.352113_1	VEESITK	23.7951555809331	22.8953807907364	21.4507868289006	27.803658558659	25.7487313187588	27.3945206554325
NODE_58_length_125887_cov_31.064507_47	VEKENTIIVDGEGNKEEIAAR	24.1828331982184	25.7579645169169	27.8608121810131	21.6027781669428	21.6154952907138	22.2589534898838
NODE_19_length_93630_cov_16.507133_74	VENPDWKIDNELIAR	21.925598035771	22.1572546210642	21.9694224697044	26.8788080722332	27.7144357670712	27.125734437854
NODE_362_length_12530_cov_15.571062_6	VEPDEEEGKVLGAYDK	22.1743270571285	21.8924507790761	22.6972343739239	27.0449982044032	23.6274510590773	25.9579481501324
NODE_75_length_101378_cov_26.619928_17	VGDTDSEIVYGQAESHEV	26.6761669828309	26.9882604691491	27.9320756776646	24.5668350207591	22.2343673288982	23.396644055288
NODE_342_length_13143_cov_16.726925_2	VIGVDSDQAPVIDQTQEGLTITSAMK	21.9188009459136	23.5976901266511	22.2788522511637	26.5439947934539	25.9088484928241	27.02998707431
sp|E9Q7P9|CDHR2_MOUSE	VIPSTANSNNLFR	22.1555778735287	26.2666909062372	25.2408539154333	27.5031695417762	25.2838327425825	26.952492965483
NODE_1430202_length_338_cov_0.918728_1	VLDEEIK	27.6788216835911	28.4426095815563	29.2269013008821	22.3159373489764	22.0726796880338	22.9867774052731
NODE_92_length_86032_cov_31.048373_59	VLDEEKIYVGFAAAR	24.9704436736892	25.9101989559188	26.9321320120343	21.8088363578763	22.256035846047	23.1764925542699
NODE_2614_length_9376_cov_3.956121_2	VLPALDGK	28.6176488328619	28.968895876494	28.3173447075936	23.2035681155631	23.4545423166613	22.4672018163152
NODE_1802108_length_353_cov_1.221477_1	VNMSDDPLMK	26.253821234083	25.1238021950919	26.3293202009908	21.9318916868137	23.2681417174472	22.8556837872584
NODE_255356_length_241_cov_2.064516_1	VPAAELK	28.2560191739802	28.7948566199892	25.8767080322493	22.9487504624722	20.9581477577682	22.272152352297
NODE_383034_length_277_cov_1.729730_1	VQIMEAVK	25.0218292215974	26.6948473417468	24.7391295759534	23.3612977370054	24.2393188463865	21.2652259554539
NODE_155_length_52976_cov_14.611837_11	VSAELDKK	28.8380082522736	28.5382698789041	25.1799136445828	22.1472326555438	22.2647359058747	21.3917263549557
NODE_740168_length_225_cov_1.794118_1	VSDKYR	23.3307711360825	23.5473975101013	23.7590839396781	27.5205267562375	26.244596694164	26.0788956220106
NODE_92_length_86032_cov_31.048373_59	VSLKDGLGIR	28.1351123446068	28.5375480362586	28.6433473753789	21.2142596824174	23.3477630499251	23.2833680739577
NODE_12_length_417279_cov_36.723393_34	VSVEAGLAQPWYK	27.6735972432792	28.0746200911546	26.8613595670428	21.8111301352912	26.2407993371504	21.9517917938949
NODE_9467_length_1514_cov_3.630569_1	VTGDSYADR	25.7918113293708	25.3527581996607	26.0488272471045	21.6709885072309	22.6783556524381	22.6735754805189
NODE_155_length_52976_cov_14.611837_11	VVHNVQASTADIGAMQVR	27.6543761004937	27.9304974215531	25.1578073392644	23.5273292283831	22.7833340425687	23.0268160287819
NODE_53_length_133033_cov_15.924378_30	VYDVMDDEVIEFR	27.1711384591815	27.5397124815906	26.3093690738783	23.0941874230754	21.6015821586577	21.4497136501138
NODE_2671834_length_253_cov_0.969697_1	WLGSPQALRR	30.0065038753898	28.3041289557812	29.8420314201077	28.1482174363573	27.2359883446441	29.8408841595748
sp|Q11136|PEPD_MOUSE	YAVDDVQYTDEIASVLTSR	21.7387998265068	23.8622224150416	23.7264002878184	24.3860077040107	21.6258693396669	24.7051166191021
NODE_47_length_142990_cov_39.043264_35	YDDQLGR	28.3930889435487	29.0350662090275	26.85531201394	21.5140097348529	22.272335021217	21.2768026382235
NODE_24_length_224501_cov_34.530658_50	YEVHANSWR	27.2927900842201	27.8074407634155	26.9842996273079	21.7455236659172	23.2665444652425	22.4562302141186
NODE_1697405_length_351_cov_0.864865_1	YFATEQK	20.737811168825	22.6243172922502	22.3690822944278	33.899875363755	32.423922514484	32.1982380033961
NODE_504724_length_713_cov_1.840426_1	YIEQYGK	28.3619374840703	28.9021921837948	25.6523121685156	22.0577472329162	22.2088847617936	22.346389515919
NODE_3132_length_10470_cov_5.679405_12	YLADSEFQVGR	22.0097609898266	23.6715881216655	22.4019672545501	27.1585586877613	24.2143048896005	24.3517140741931
NODE_241_length_28746_cov_36.825590_3	YLQTTSGPLYR	27.4581069318636	27.2024712184913	26.8145783589433	21.596836820551	23.0734401182795	22.3519859083472
NODE_75_length_101378_cov_26.619928_17	YLYNTSDNHK	25.9770552256836	26.0590986778096	27.3316795018228	24.3866681462418	22.1328402443913	22.6459994955793
NODE_53_length_133033_cov_15.924378_35	YMGDASAK	30.291427919612	29.6830122053098	26.9859829572415	23.3842760329631	21.6324258321292	23.0989262263485
NODE_75_length_101378_cov_26.619928_17	YMWESELGIK	26.0419526945251	26.6544443921337	26.9080467728585	22.627944843709	21.9120618557689	22.6248382647468
NODE_19_length_93630_cov_16.507133_74	YNDLGTLTYDKTLEQVAMKR	23.5352695673071	24.3915200004518	22.9460694965254	24.8736607606513	24.7183740023031	25.0794043763589
NODE_60_length_55756_cov_16.462505_7	YQEAAKGNIR	23.760270625524	22.1469707401034	21.7459521869041	26.0498036904859	24.899106105395	24.107308720255
NODE_362_length_12530_cov_15.571062_6	YTYSDTYISSVR	22.7452518278355	23.2639899396524	21.0812408035975	28.3335146933007	26.3694620957983	27.4287018729953
NODE_270_length_24449_cov_38.677585_8	YVDFDLGAER	28.3988480497842	28.773321595076	27.9996481665899	22.0905060872462	24.6735208668128	22.1599455752596
NODE_30_length_73332_cov_16.410333_40	YVEALEGGLADNAIPR	22.0653429073132	21.9618344956307	23.2886140248331	25.0293057647686	23.5467494206394	23.101317230596
NODE_241_length_28746_cov_36.825590_3	YWMELPGNVSK	28.3222534493733	30.0927004523085	29.7389234913818	23.4359393365793	22.2234584939477	20.6426311763101
